userId, programId, rating
1,75006,2.0
1,76719,1.0
1,80986,4.0
1,71446,4.0
1,73586,1.0
1,48866,3.0
1,1399,2.0
1,85948,4.0
1,37854,4.0
1,65988,3.0
1,71769,1.0
1,70523,2.0
1,79501,4.0
1,72071,4.0
1,45782,1.0
1,63174,4.0
1,1403,4.0
1,76479,3.0
1,44856,1.0
1,1396,4.0
1,99778,4.0
1,102619,4.0
1,83125,4.0
1,1668,2.0
1,106173,2.0
1,106513,3.0
1,106925,1.0
1,45140,4.0
1,1429,2.0
1,107304,2.0
1,4551,3.0
1,82856,3.0
1,12971,4.0
1,106149,2.0
1,60625,2.0
1,88046,4.0
1,1418,1.0
1,97617,3.0
1,57243,4.0
1,96316,3.0
1,66732,2.0
1,85723,4.0
1,44217,4.0
1,19885,4.0
1,99296,4.0
1,94038,1.0
1,12609,3.0
1,65942,3.0
1,62560,2.0
1,62104,3.0
1,79680,2.0
1,104068,4.0
1,2316,1.0
1,57532,3.0
1,85991,2.0
1,87826,2.0
1,46952,2.0
1,98950,1.0
1,66830,4.0
1,71712,2.0
1,32415,1.0
1,46298,3.0
1,106868,4.0
1,60572,3.0
1,456,1.0
1,71957,4.0
1,72581,2.0
1,1416,4.0
1,1972,1.0
1,93289,4.0
1,99631,4.0
1,85552,2.0
2,75006,1.0
2,76719,2.0
2,80986,1.0
2,85853,4.0
2,73586,3.0
2,48866,3.0
2,10160,1.0
2,85948,4.0
2,37854,2.0
2,65988,4.0
2,71769,4.0
2,88239,2.0
2,70523,1.0
2,79501,4.0
2,72071,1.0
2,45782,3.0
2,987,3.0
2,63174,1.0
2,1403,3.0
2,1396,3.0
2,99778,4.0
2,1668,4.0
2,106173,3.0
2,106925,2.0
2,106282,3.0
2,45140,1.0
2,60735,2.0
2,107304,4.0
2,4551,3.0
2,63247,3.0
2,12971,1.0
2,88046,4.0
2,100617,4.0
2,1402,1.0
2,66732,1.0
2,85723,3.0
2,44217,1.0
2,93905,1.0
2,1622,3.0
2,19885,3.0
2,99296,3.0
2,94038,2.0
2,12609,3.0
2,65942,3.0
2,70881,4.0
2,104068,2.0
2,92588,4.0
2,2316,3.0
2,57532,4.0
2,87826,1.0
2,46952,2.0
2,62273,3.0
2,71712,3.0
2,60574,2.0
2,69050,3.0
2,62317,2.0
2,106868,2.0
2,60572,3.0
2,71957,4.0
2,72581,3.0
2,46296,1.0
2,1416,2.0
2,1972,1.0
2,93289,1.0
2,85552,2.0
3,105797,1.0
3,71577,2.0
3,71446,3.0
3,85853,2.0
3,48866,4.0
3,85948,4.0
3,37854,1.0
3,71769,4.0
3,88239,4.0
3,96462,2.0
3,70523,2.0
3,79501,1.0
3,72071,1.0
3,87017,4.0
3,76479,1.0
3,44856,1.0
3,102619,3.0
3,83125,2.0
3,85273,3.0
3,1668,1.0
3,106513,1.0
3,106925,3.0
3,106282,2.0
3,60735,4.0
3,1429,3.0
3,107304,1.0
3,63247,2.0
3,1433,3.0
3,106149,2.0
3,60625,4.0
3,88046,2.0
3,31910,3.0
3,1418,4.0
3,1402,2.0
3,57243,2.0
3,66732,1.0
3,44217,2.0
3,93905,4.0
3,19885,1.0
3,99296,3.0
3,94038,1.0
3,19614,4.0
3,12609,2.0
3,65942,4.0
3,62560,1.0
3,62104,2.0
3,70881,2.0
3,92588,1.0
3,2316,1.0
3,57532,3.0
3,87826,2.0
3,98950,4.0
3,66830,4.0
3,71712,2.0
3,69050,1.0
3,62317,3.0
3,46298,2.0
3,60572,4.0
3,456,2.0
3,71957,2.0
3,46296,2.0
3,1416,1.0
3,93289,2.0
3,85552,1.0
4,105797,1.0
4,80986,4.0
4,85853,3.0
4,73586,4.0
4,48866,2.0
4,1399,2.0
4,37854,1.0
4,65988,3.0
4,88239,4.0
4,96462,3.0
4,72071,3.0
4,45782,3.0
4,987,2.0
4,63174,3.0
4,1403,3.0
4,1396,2.0
4,83125,1.0
4,1668,1.0
4,106925,4.0
4,106282,4.0
4,45140,3.0
4,60735,4.0
4,82856,4.0
4,63247,4.0
4,1433,3.0
4,12971,1.0
4,106149,3.0
4,60625,4.0
4,88046,2.0
4,1418,4.0
4,97617,2.0
4,1402,2.0
4,57243,3.0
4,96316,3.0
4,66732,2.0
4,85723,2.0
4,44217,4.0
4,94038,1.0
4,19614,3.0
4,12609,4.0
4,65942,3.0
4,62560,4.0
4,62104,3.0
4,70881,4.0
4,104068,1.0
4,2316,1.0
4,57532,2.0
4,85991,3.0
4,87826,2.0
4,98950,2.0
4,71712,2.0
4,60574,1.0
4,32415,3.0
4,62317,1.0
4,46298,3.0
4,456,1.0
4,71957,1.0
4,72581,2.0
4,46296,3.0
4,1416,4.0
4,1972,3.0
4,99631,1.0
4,85552,4.0
5,76719,2.0
5,71577,1.0
5,80986,3.0
5,71446,2.0
5,85853,4.0
5,73586,2.0
5,48866,3.0
5,10160,1.0
5,1399,1.0
5,85948,4.0
5,37854,2.0
5,106514,4.0
5,65988,4.0
5,71769,4.0
5,70523,3.0
5,79501,4.0
5,72071,4.0
5,87017,3.0
5,63174,2.0
5,1403,2.0
5,99778,2.0
5,102619,4.0
5,83125,1.0
5,1668,2.0
5,106173,1.0
5,106925,3.0
5,106282,1.0
5,60735,1.0
5,1429,3.0
5,107304,1.0
5,4551,3.0
5,82856,3.0
5,63247,1.0
5,1433,4.0
5,12971,4.0
5,106149,3.0
5,60625,4.0
5,88046,2.0
5,100617,3.0
5,1418,3.0
5,97617,3.0
5,1402,4.0
5,85723,4.0
5,44217,3.0
5,19885,1.0
5,99296,1.0
5,94038,4.0
5,19614,3.0
5,12609,2.0
5,65942,1.0
5,62560,2.0
5,62104,3.0
5,79680,4.0
5,70881,1.0
5,104068,2.0
5,92588,1.0
5,2316,4.0
5,85991,3.0
5,46952,2.0
5,62273,1.0
5,60574,4.0
5,69050,3.0
5,62317,1.0
5,46298,4.0
5,106868,1.0
5,60572,2.0
5,456,4.0
5,71957,3.0
5,72581,4.0
5,46296,3.0
5,1416,1.0
5,1972,1.0
5,99631,4.0
5,85552,1.0
6,105797,4.0
6,75006,4.0
6,71577,1.0
6,80986,2.0
6,71446,1.0
6,85853,4.0
6,48866,1.0
6,10160,3.0
6,1399,3.0
6,37854,1.0
6,71769,1.0
6,96462,4.0
6,72071,2.0
6,45782,4.0
6,987,3.0
6,87017,2.0
6,63174,1.0
6,1403,2.0
6,76479,2.0
6,44856,4.0
6,1396,1.0
6,102619,3.0
6,83125,3.0
6,85273,4.0
6,1668,1.0
6,106925,3.0
6,106282,3.0
6,60735,3.0
6,1429,1.0
6,107304,3.0
6,4551,3.0
6,82856,3.0
6,63247,2.0
6,1433,3.0
6,12971,2.0
6,106149,3.0
6,88046,4.0
6,100617,4.0
6,31910,2.0
6,1418,4.0
6,97617,3.0
6,1402,2.0
6,57243,4.0
6,96316,4.0
6,66732,3.0
6,44217,2.0
6,93905,1.0
6,1622,2.0
6,19885,1.0
6,99296,4.0
6,94038,2.0
6,19614,3.0
6,12609,3.0
6,65942,2.0
6,62560,3.0
6,62104,3.0
6,70881,2.0
6,104068,2.0
6,2316,1.0
6,57532,4.0
6,85991,3.0
6,46952,3.0
6,98950,1.0
6,62273,4.0
6,71712,2.0
6,69050,4.0
6,32415,1.0
6,62317,4.0
6,60572,2.0
6,456,3.0
6,46296,1.0
6,1416,2.0
6,1972,2.0
6,93289,2.0
6,99631,3.0
6,85552,3.0
7,76719,4.0
7,80986,2.0
7,71446,4.0
7,48866,1.0
7,10160,3.0
7,1399,1.0
7,85948,2.0
7,37854,1.0
7,106514,3.0
7,65988,1.0
7,71769,4.0
7,88239,2.0
7,70523,4.0
7,79501,3.0
7,45782,2.0
7,87017,2.0
7,76479,4.0
7,44856,2.0
7,83125,4.0
7,106925,1.0
7,45140,1.0
7,60735,3.0
7,1429,4.0
7,107304,2.0
7,1433,1.0
7,12971,2.0
7,60625,4.0
7,88046,1.0
7,100617,3.0
7,31910,4.0
7,1418,1.0
7,97617,4.0
7,1402,2.0
7,57243,2.0
7,44217,3.0
7,1622,1.0
7,99296,1.0
7,94038,2.0
7,19614,3.0
7,12609,4.0
7,65942,3.0
7,62560,2.0
7,79680,3.0
7,70881,1.0
7,92588,4.0
7,2316,2.0
7,73223,2.0
7,85991,3.0
7,98950,2.0
7,62273,3.0
7,71712,3.0
7,60574,2.0
7,69050,3.0
7,32415,2.0
7,46298,3.0
7,106868,2.0
7,456,3.0
7,72581,3.0
7,46296,3.0
7,1416,1.0
7,1972,2.0
7,93289,3.0
7,99631,2.0
7,85552,2.0
8,105797,4.0
8,76719,4.0
8,80986,2.0
8,71446,1.0
8,73586,4.0
8,48866,4.0
8,10160,3.0
8,1399,2.0
8,85948,4.0
8,37854,1.0
8,71769,3.0
8,88239,2.0
8,70523,1.0
8,79501,1.0
8,987,3.0
8,87017,2.0
8,1403,4.0
8,76479,3.0
8,1396,2.0
8,102619,1.0
8,83125,3.0
8,85273,2.0
8,1668,2.0
8,106513,4.0
8,106925,3.0
8,106282,2.0
8,45140,2.0
8,82856,1.0
8,63247,3.0
8,1433,4.0
8,12971,1.0
8,106149,4.0
8,60625,4.0
8,88046,1.0
8,31910,2.0
8,96316,3.0
8,93905,3.0
8,1622,2.0
8,19885,4.0
8,99296,4.0
8,94038,2.0
8,12609,4.0
8,62104,1.0
8,79680,2.0
8,70881,2.0
8,104068,4.0
8,2316,4.0
8,73223,1.0
8,57532,2.0
8,87826,1.0
8,98950,4.0
8,66830,3.0
8,62273,1.0
8,69050,4.0
8,62317,2.0
8,46298,3.0
8,106868,4.0
8,71957,1.0
8,46296,2.0
8,1416,2.0
8,1972,2.0
8,93289,3.0
8,99631,2.0
8,85552,2.0
9,105797,3.0
9,75006,2.0
9,71577,3.0
9,80986,4.0
9,71446,2.0
9,73586,3.0
9,85948,4.0
9,106514,4.0
9,71769,2.0
9,88239,3.0
9,987,1.0
9,87017,1.0
9,76479,1.0
9,44856,3.0
9,1396,1.0
9,99778,4.0
9,102619,2.0
9,1668,1.0
9,106173,1.0
9,106513,3.0
9,106925,1.0
9,106282,1.0
9,107304,1.0
9,82856,1.0
9,63247,2.0
9,12971,4.0
9,106149,4.0
9,60625,2.0
9,88046,3.0
9,100617,1.0
9,31910,4.0
9,1418,2.0
9,97617,3.0
9,57243,4.0
9,96316,1.0
9,66732,2.0
9,44217,2.0
9,93905,4.0
9,1622,1.0
9,12609,3.0
9,65942,3.0
9,62560,2.0
9,62104,4.0
9,79680,1.0
9,70881,3.0
9,92588,4.0
9,73223,3.0
9,57532,1.0
9,87826,4.0
9,46952,3.0
9,98950,4.0
9,66830,2.0
9,71712,3.0
9,69050,3.0
9,32415,3.0
9,106868,1.0
9,60572,2.0
9,456,3.0
9,72581,1.0
9,1416,2.0
9,93289,3.0
9,85552,4.0
10,75006,3.0
10,76719,3.0
10,71577,3.0
10,80986,3.0
10,71446,3.0
10,85853,4.0
10,73586,2.0
10,48866,4.0
10,10160,4.0
10,85948,2.0
10,37854,2.0
10,106514,3.0
10,65988,2.0
10,71769,4.0
10,88239,1.0
10,70523,1.0
10,79501,1.0
10,72071,2.0
10,987,2.0
10,87017,2.0
10,63174,2.0
10,44856,4.0
10,99778,4.0
10,102619,3.0
10,83125,2.0
10,85273,2.0
10,1668,1.0
10,106925,1.0
10,45140,4.0
10,1429,3.0
10,107304,3.0
10,4551,1.0
10,63247,1.0
10,1433,4.0
10,106149,3.0
10,60625,1.0
10,31910,3.0
10,1418,2.0
10,1402,1.0
10,96316,1.0
10,66732,3.0
10,85723,1.0
10,19885,4.0
10,99296,2.0
10,19614,1.0
10,62104,2.0
10,79680,3.0
10,70881,2.0
10,73223,2.0
10,85991,2.0
10,87826,2.0
10,46952,4.0
10,98950,1.0
10,66830,4.0
10,62273,1.0
10,71712,2.0
10,69050,1.0
10,32415,2.0
10,62317,3.0
10,46298,1.0
10,106868,1.0
10,60572,4.0
10,46296,2.0
10,1416,4.0
10,1972,4.0
10,93289,4.0
10,85552,4.0
11,105797,3.0
11,75006,4.0
11,76719,3.0
11,71577,1.0
11,80986,2.0
11,85853,4.0
11,73586,2.0
11,48866,2.0
11,10160,1.0
11,1399,4.0
11,85948,1.0
11,37854,1.0
11,106514,2.0
11,96462,4.0
11,70523,3.0
11,45782,1.0
11,987,2.0
11,87017,3.0
11,63174,3.0
11,1403,4.0
11,76479,1.0
11,44856,3.0
11,99778,3.0
11,102619,3.0
11,85273,2.0
11,106513,2.0
11,106925,1.0
11,106282,2.0
11,45140,2.0
11,60735,1.0
11,107304,1.0
11,4551,4.0
11,82856,1.0
11,12971,1.0
11,106149,2.0
11,60625,1.0
11,100617,4.0
11,31910,4.0
11,1418,3.0
11,97617,2.0
11,57243,4.0
11,96316,2.0
11,44217,1.0
11,93905,1.0
11,1622,4.0
11,19885,1.0
11,94038,2.0
11,12609,2.0
11,65942,2.0
11,62104,2.0
11,79680,1.0
11,70881,4.0
11,104068,2.0
11,92588,4.0
11,73223,3.0
11,57532,2.0
11,85991,2.0
11,46952,4.0
11,98950,4.0
11,66830,1.0
11,62273,3.0
11,71712,3.0
11,62317,2.0
11,46298,2.0
11,456,2.0
11,71957,3.0
11,72581,3.0
11,46296,2.0
11,1972,2.0
11,93289,3.0
12,105797,1.0
12,75006,1.0
12,76719,1.0
12,80986,3.0
12,71446,3.0
12,85853,1.0
12,73586,2.0
12,48866,4.0
12,10160,3.0
12,1399,1.0
12,85948,2.0
12,106514,4.0
12,65988,2.0
12,71769,4.0
12,96462,1.0
12,70523,2.0
12,79501,1.0
12,72071,4.0
12,45782,1.0
12,87017,2.0
12,1403,4.0
12,76479,3.0
12,44856,3.0
12,83125,4.0
12,85273,3.0
12,106173,4.0
12,106513,2.0
12,106282,4.0
12,60735,2.0
12,107304,2.0
12,4551,1.0
12,82856,2.0
12,63247,3.0
12,12971,1.0
12,106149,1.0
12,100617,4.0
12,31910,2.0
12,1418,1.0
12,57243,2.0
12,96316,4.0
12,66732,2.0
12,85723,2.0
12,44217,1.0
12,1622,4.0
12,99296,4.0
12,94038,2.0
12,79680,4.0
12,70881,1.0
12,104068,3.0
12,92588,3.0
12,87826,3.0
12,46952,4.0
12,98950,2.0
12,62273,1.0
12,71712,1.0
12,69050,3.0
12,62317,2.0
12,46298,3.0
12,106868,2.0
12,46296,3.0
12,1416,1.0
12,1972,4.0
12,93289,4.0
13,105797,3.0
13,76719,1.0
13,80986,1.0
13,71446,3.0
13,85853,3.0
13,73586,1.0
13,48866,4.0
13,10160,4.0
13,1399,3.0
13,37854,4.0
13,106514,3.0
13,65988,2.0
13,71769,2.0
13,88239,1.0
13,79501,4.0
13,72071,1.0
13,45782,2.0
13,987,2.0
13,87017,4.0
13,63174,4.0
13,76479,4.0
13,44856,1.0
13,1396,4.0
13,99778,2.0
13,1668,3.0
13,106173,3.0
13,106513,3.0
13,106925,3.0
13,45140,3.0
13,1429,2.0
13,107304,4.0
13,4551,1.0
13,63247,4.0
13,12971,1.0
13,106149,1.0
13,60625,3.0
13,100617,3.0
13,1418,3.0
13,97617,3.0
13,1402,1.0
13,57243,1.0
13,66732,3.0
13,93905,1.0
13,1622,2.0
13,19885,3.0
13,99296,4.0
13,94038,4.0
13,19614,3.0
13,12609,3.0
13,62560,3.0
13,62104,4.0
13,79680,1.0
13,70881,4.0
13,104068,2.0
13,73223,2.0
13,57532,1.0
13,85991,4.0
13,87826,1.0
13,46952,1.0
13,98950,3.0
13,62273,1.0
13,71712,3.0
13,60574,1.0
13,69050,2.0
13,32415,1.0
13,60572,2.0
13,72581,3.0
13,46296,4.0
13,1416,2.0
13,93289,3.0
13,99631,1.0
13,85552,2.0
14,105797,3.0
14,75006,4.0
14,76719,1.0
14,71577,2.0
14,80986,1.0
14,71446,2.0
14,73586,2.0
14,10160,1.0
14,1399,2.0
14,85948,3.0
14,106514,1.0
14,71769,2.0
14,96462,2.0
14,79501,2.0
14,72071,1.0
14,45782,2.0
14,63174,3.0
14,1403,4.0
14,44856,1.0
14,1396,2.0
14,99778,4.0
14,102619,3.0
14,83125,2.0
14,85273,2.0
14,106173,2.0
14,106925,3.0
14,45140,1.0
14,12971,4.0
14,60625,4.0
14,88046,1.0
14,100617,2.0
14,1418,2.0
14,1402,2.0
14,85723,4.0
14,93905,1.0
14,19885,3.0
14,99296,2.0
14,94038,4.0
14,19614,1.0
14,12609,2.0
14,65942,4.0
14,62560,3.0
14,62104,4.0
14,79680,1.0
14,70881,2.0
14,92588,2.0
14,73223,2.0
14,85991,1.0
14,87826,1.0
14,98950,1.0
14,66830,4.0
14,62273,4.0
14,71712,1.0
14,69050,3.0
14,32415,2.0
14,62317,3.0
14,46298,4.0
14,60572,2.0
14,456,2.0
14,72581,1.0
14,1416,1.0
14,85552,4.0
15,105797,4.0
15,76719,1.0
15,71577,4.0
15,80986,4.0
15,73586,4.0
15,48866,2.0
15,1399,4.0
15,85948,3.0
15,37854,1.0
15,106514,1.0
15,65988,2.0
15,71769,1.0
15,96462,3.0
15,72071,2.0
15,45782,1.0
15,87017,1.0
15,63174,3.0
15,1403,2.0
15,44856,3.0
15,1396,2.0
15,99778,1.0
15,102619,3.0
15,83125,3.0
15,85273,1.0
15,106513,2.0
15,106925,3.0
15,106282,2.0
15,60735,3.0
15,1429,1.0
15,107304,1.0
15,63247,2.0
15,1433,2.0
15,12971,2.0
15,88046,3.0
15,31910,1.0
15,97617,1.0
15,1402,1.0
15,57243,4.0
15,96316,1.0
15,66732,2.0
15,85723,2.0
15,44217,4.0
15,19885,3.0
15,99296,4.0
15,94038,3.0
15,19614,2.0
15,65942,4.0
15,62560,1.0
15,79680,3.0
15,70881,1.0
15,104068,2.0
15,92588,4.0
15,2316,4.0
15,85991,4.0
15,87826,4.0
15,46952,3.0
15,98950,3.0
15,62273,3.0
15,60574,2.0
15,69050,3.0
15,32415,4.0
15,62317,2.0
15,60572,2.0
15,456,4.0
15,71957,4.0
15,72581,1.0
15,46296,3.0
15,1416,2.0
15,1972,2.0
15,93289,1.0
15,85552,4.0
16,75006,3.0
16,76719,1.0
16,71577,3.0
16,71446,1.0
16,73586,4.0
16,48866,1.0
16,10160,2.0
16,1399,1.0
16,85948,1.0
16,106514,2.0
16,65988,1.0
16,88239,2.0
16,72071,3.0
16,45782,3.0
16,987,2.0
16,87017,1.0
16,63174,1.0
16,1403,4.0
16,76479,1.0
16,44856,1.0
16,99778,2.0
16,102619,2.0
16,83125,1.0
16,85273,4.0
16,1668,3.0
16,106173,4.0
16,106513,1.0
16,106282,4.0
16,45140,2.0
16,1429,3.0
16,107304,3.0
16,82856,1.0
16,12971,4.0
16,60625,3.0
16,88046,3.0
16,100617,4.0
16,31910,1.0
16,1418,4.0
16,97617,1.0
16,1402,2.0
16,57243,4.0
16,85723,3.0
16,44217,1.0
16,93905,4.0
16,1622,3.0
16,19885,1.0
16,19614,3.0
16,65942,3.0
16,62560,4.0
16,62104,4.0
16,79680,2.0
16,70881,1.0
16,104068,2.0
16,92588,2.0
16,73223,3.0
16,57532,2.0
16,85991,2.0
16,87826,1.0
16,98950,4.0
16,62273,4.0
16,60574,3.0
16,32415,3.0
16,46298,3.0
16,106868,3.0
16,60572,1.0
16,71957,1.0
16,72581,1.0
16,46296,4.0
16,1972,1.0
16,93289,3.0
17,105797,4.0
17,76719,3.0
17,80986,2.0
17,85853,4.0
17,48866,2.0
17,10160,4.0
17,85948,2.0
17,37854,1.0
17,106514,1.0
17,65988,3.0
17,71769,1.0
17,88239,3.0
17,96462,3.0
17,70523,4.0
17,72071,4.0
17,987,2.0
17,76479,1.0
17,44856,4.0
17,1396,1.0
17,99778,4.0
17,102619,3.0
17,83125,1.0
17,85273,4.0
17,1668,3.0
17,106173,4.0
17,106513,1.0
17,45140,1.0
17,107304,1.0
17,82856,3.0
17,63247,3.0
17,1433,4.0
17,12971,2.0
17,88046,1.0
17,100617,4.0
17,96316,3.0
17,66732,1.0
17,44217,1.0
17,93905,3.0
17,1622,2.0
17,19885,3.0
17,19614,2.0
17,62560,1.0
17,62104,3.0
17,79680,2.0
17,104068,2.0
17,92588,4.0
17,2316,2.0
17,73223,2.0
17,57532,1.0
17,46952,4.0
17,60574,4.0
17,69050,4.0
17,32415,3.0
17,62317,4.0
17,106868,3.0
17,60572,1.0
17,456,1.0
17,72581,4.0
17,46296,2.0
17,1416,3.0
17,1972,2.0
17,93289,1.0
17,85552,1.0
18,105797,3.0
18,75006,3.0
18,76719,1.0
18,71577,3.0
18,71446,3.0
18,73586,4.0
18,10160,1.0
18,1399,1.0
18,37854,1.0
18,106514,4.0
18,96462,4.0
18,79501,2.0
18,72071,4.0
18,987,1.0
18,87017,2.0
18,76479,4.0
18,44856,3.0
18,1396,1.0
18,99778,3.0
18,102619,3.0
18,83125,2.0
18,85273,1.0
18,1668,2.0
18,106173,3.0
18,106513,4.0
18,106925,2.0
18,45140,1.0
18,60735,3.0
18,1429,1.0
18,107304,4.0
18,4551,3.0
18,63247,4.0
18,12971,2.0
18,106149,4.0
18,60625,2.0
18,1418,1.0
18,1402,4.0
18,57243,1.0
18,66732,4.0
18,85723,1.0
18,44217,2.0
18,93905,3.0
18,1622,4.0
18,99296,2.0
18,94038,4.0
18,19614,1.0
18,12609,2.0
18,62104,1.0
18,79680,1.0
18,70881,2.0
18,92588,3.0
18,85991,1.0
18,87826,3.0
18,46952,3.0
18,98950,4.0
18,62273,4.0
18,60574,3.0
18,69050,4.0
18,62317,1.0
18,106868,3.0
18,60572,1.0
18,456,4.0
18,71957,4.0
18,1416,3.0
18,1972,2.0
18,99631,2.0
18,85552,2.0
19,105797,4.0
19,75006,4.0
19,80986,2.0
19,85853,2.0
19,10160,1.0
19,1399,2.0
19,37854,4.0
19,106514,4.0
19,88239,3.0
19,96462,3.0
19,70523,3.0
19,79501,2.0
19,87017,2.0
19,63174,3.0
19,1403,3.0
19,76479,2.0
19,44856,1.0
19,1396,4.0
19,99778,2.0
19,102619,3.0
19,83125,2.0
19,85273,4.0
19,1668,2.0
19,106925,3.0
19,45140,3.0
19,1429,4.0
19,107304,1.0
19,82856,1.0
19,63247,1.0
19,1433,1.0
19,60625,2.0
19,88046,3.0
19,31910,1.0
19,1418,2.0
19,57243,1.0
19,96316,1.0
19,66732,3.0
19,85723,1.0
19,93905,1.0
19,1622,2.0
19,99296,2.0
19,94038,2.0
19,19614,3.0
19,12609,2.0
19,65942,1.0
19,70881,4.0
19,104068,3.0
19,2316,2.0
19,73223,3.0
19,57532,1.0
19,87826,4.0
19,46952,1.0
19,66830,1.0
19,62273,1.0
19,60574,1.0
19,69050,3.0
19,62317,1.0
19,106868,1.0
19,60572,3.0
19,456,3.0
19,71957,2.0
19,72581,4.0
19,1972,2.0
19,93289,1.0
19,99631,1.0
19,85552,4.0
20,105797,4.0
20,75006,1.0
20,76719,4.0
20,71577,2.0
20,71446,1.0
20,85853,2.0
20,1399,2.0
20,85948,3.0
20,37854,3.0
20,65988,2.0
20,88239,1.0
20,70523,3.0
20,79501,4.0
20,72071,2.0
20,987,1.0
20,63174,2.0
20,76479,3.0
20,44856,1.0
20,1396,1.0
20,99778,3.0
20,102619,1.0
20,1668,3.0
20,106513,4.0
20,106282,3.0
20,45140,4.0
20,1429,3.0
20,4551,4.0
20,63247,2.0
20,1433,1.0
20,12971,2.0
20,60625,4.0
20,88046,1.0
20,100617,4.0
20,31910,4.0
20,1418,3.0
20,97617,1.0
20,57243,4.0
20,96316,4.0
20,66732,4.0
20,85723,1.0
20,93905,1.0
20,1622,3.0
20,99296,1.0
20,94038,2.0
20,62560,1.0
20,62104,4.0
20,70881,2.0
20,104068,3.0
20,2316,1.0
20,73223,2.0
20,87826,1.0
20,98950,1.0
20,66830,2.0
20,62273,3.0
20,71712,1.0
20,60574,4.0
20,32415,1.0
20,46298,4.0
20,106868,4.0
20,71957,1.0
20,72581,3.0
20,1416,3.0
20,1972,4.0
21,105797,3.0
21,75006,3.0
21,76719,4.0
21,80986,3.0
21,71446,1.0
21,85853,1.0
21,73586,1.0
21,48866,3.0
21,1399,2.0
21,37854,3.0
21,106514,4.0
21,71769,3.0
21,88239,4.0
21,72071,1.0
21,45782,4.0
21,987,2.0
21,87017,1.0
21,1403,2.0
21,1396,3.0
21,99778,2.0
21,83125,4.0
21,85273,4.0
21,106173,3.0
21,106513,2.0
21,106925,3.0
21,45140,4.0
21,60735,3.0
21,1429,3.0
21,82856,3.0
21,63247,4.0
21,1433,2.0
21,106149,2.0
21,60625,4.0
21,100617,4.0
21,31910,3.0
21,1418,1.0
21,97617,3.0
21,1402,4.0
21,57243,2.0
21,66732,2.0
21,85723,2.0
21,44217,4.0
21,93905,1.0
21,1622,3.0
21,19885,2.0
21,99296,1.0
21,94038,1.0
21,19614,2.0
21,12609,2.0
21,65942,4.0
21,62560,2.0
21,62104,2.0
21,79680,4.0
21,70881,1.0
21,104068,2.0
21,92588,2.0
21,2316,1.0
21,73223,2.0
21,57532,3.0
21,85991,4.0
21,87826,4.0
21,46952,4.0
21,98950,2.0
21,66830,4.0
21,62273,2.0
21,69050,3.0
21,32415,4.0
21,46298,3.0
21,106868,3.0
21,60572,2.0
21,456,3.0
21,46296,4.0
21,1972,3.0
21,93289,1.0
21,85552,1.0
22,105797,1.0
22,75006,2.0
22,71446,1.0
22,73586,4.0
22,48866,1.0
22,1399,3.0
22,65988,4.0
22,88239,1.0
22,70523,2.0
22,79501,4.0
22,87017,4.0
22,76479,3.0
22,102619,4.0
22,83125,4.0
22,85273,4.0
22,1668,3.0
22,106173,2.0
22,106513,2.0
22,106925,3.0
22,45140,3.0
22,60735,2.0
22,1429,4.0
22,107304,4.0
22,4551,1.0
22,82856,4.0
22,63247,3.0
22,106149,1.0
22,60625,3.0
22,88046,2.0
22,31910,4.0
22,97617,3.0
22,96316,1.0
22,1622,2.0
22,19885,4.0
22,94038,4.0
22,19614,3.0
22,12609,4.0
22,62560,2.0
22,62104,1.0
22,79680,2.0
22,104068,4.0
22,2316,2.0
22,73223,3.0
22,57532,4.0
22,85991,3.0
22,87826,3.0
22,98950,4.0
22,69050,1.0
22,32415,3.0
22,62317,2.0
22,106868,3.0
22,60572,4.0
22,456,2.0
22,72581,1.0
22,46296,1.0
22,1416,1.0
22,99631,1.0
23,105797,3.0
23,75006,3.0
23,76719,1.0
23,71577,1.0
23,80986,3.0
23,73586,2.0
23,48866,1.0
23,1399,1.0
23,85948,3.0
23,65988,2.0
23,88239,4.0
23,70523,3.0
23,72071,4.0
23,987,2.0
23,87017,3.0
23,63174,2.0
23,1403,1.0
23,76479,4.0
23,83125,3.0
23,85273,2.0
23,106513,4.0
23,106925,1.0
23,106282,3.0
23,107304,1.0
23,4551,4.0
23,82856,2.0
23,63247,4.0
23,12971,2.0
23,106149,4.0
23,100617,3.0
23,31910,1.0
23,1418,2.0
23,97617,1.0
23,1402,4.0
23,57243,3.0
23,96316,3.0
23,66732,3.0
23,85723,2.0
23,44217,1.0
23,93905,4.0
23,1622,3.0
23,19885,4.0
23,94038,1.0
23,12609,2.0
23,65942,1.0
23,62104,4.0
23,79680,4.0
23,70881,4.0
23,104068,3.0
23,92588,3.0
23,57532,3.0
23,98950,2.0
23,66830,3.0
23,71712,4.0
23,60574,3.0
23,62317,4.0
23,106868,2.0
23,71957,1.0
23,72581,4.0
23,46296,4.0
23,1416,4.0
23,1972,3.0
23,93289,3.0
23,85552,2.0
24,105797,3.0
24,75006,3.0
24,76719,2.0
24,80986,2.0
24,71446,2.0
24,85853,2.0
24,10160,3.0
24,1399,1.0
24,106514,1.0
24,71769,2.0
24,88239,1.0
24,70523,2.0
24,79501,4.0
24,72071,2.0
24,45782,2.0
24,987,2.0
24,87017,2.0
24,63174,1.0
24,1403,4.0
24,76479,3.0
24,99778,4.0
24,83125,4.0
24,85273,2.0
24,1668,1.0
24,106925,1.0
24,1429,3.0
24,107304,4.0
24,82856,4.0
24,63247,2.0
24,12971,1.0
24,106149,4.0
24,60625,3.0
24,88046,3.0
24,100617,3.0
24,31910,4.0
24,1402,2.0
24,96316,4.0
24,66732,4.0
24,85723,4.0
24,44217,1.0
24,1622,4.0
24,19885,1.0
24,99296,3.0
24,94038,4.0
24,19614,3.0
24,12609,3.0
24,62104,3.0
24,79680,3.0
24,70881,4.0
24,73223,2.0
24,57532,4.0
24,85991,3.0
24,87826,2.0
24,46952,2.0
24,66830,2.0
24,62273,1.0
24,71712,4.0
24,60574,2.0
24,32415,2.0
24,46298,4.0
24,60572,4.0
24,456,4.0
24,72581,4.0
24,46296,3.0
24,1416,3.0
24,1972,2.0
24,93289,1.0
24,99631,4.0
24,85552,3.0
25,105797,1.0
25,75006,1.0
25,76719,2.0
25,71577,4.0
25,80986,1.0
25,85853,3.0
25,73586,3.0
25,10160,2.0
25,85948,2.0
25,37854,1.0
25,106514,1.0
25,65988,2.0
25,71769,4.0
25,88239,4.0
25,72071,1.0
25,45782,1.0
25,987,3.0
25,63174,2.0
25,1403,2.0
25,76479,3.0
25,44856,2.0
25,1396,3.0
25,99778,2.0
25,102619,1.0
25,106282,3.0
25,1429,1.0
25,107304,2.0
25,4551,2.0
25,63247,3.0
25,1433,2.0
25,12971,4.0
25,60625,4.0
25,88046,1.0
25,100617,3.0
25,1402,1.0
25,57243,4.0
25,96316,3.0
25,66732,4.0
25,85723,1.0
25,44217,3.0
25,1622,3.0
25,19885,1.0
25,94038,1.0
25,19614,1.0
25,12609,4.0
25,70881,4.0
25,2316,2.0
25,73223,2.0
25,57532,4.0
25,98950,3.0
25,66830,1.0
25,60574,3.0
25,69050,1.0
25,32415,1.0
25,62317,1.0
25,46298,2.0
25,106868,3.0
25,60572,1.0
25,456,2.0
25,71957,2.0
25,72581,4.0
25,46296,1.0
25,1416,3.0
25,1972,3.0
25,93289,3.0
25,99631,4.0
26,105797,1.0
26,75006,2.0
26,76719,2.0
26,71577,3.0
26,80986,1.0
26,85853,4.0
26,73586,3.0
26,48866,4.0
26,1399,2.0
26,85948,2.0
26,37854,3.0
26,88239,1.0
26,96462,4.0
26,45782,3.0
26,987,2.0
26,87017,1.0
26,1403,2.0
26,76479,2.0
26,44856,4.0
26,1396,3.0
26,102619,2.0
26,83125,4.0
26,1668,3.0
26,106282,4.0
26,45140,2.0
26,60735,2.0
26,107304,1.0
26,4551,3.0
26,82856,4.0
26,1433,1.0
26,12971,2.0
26,60625,1.0
26,88046,1.0
26,100617,4.0
26,97617,3.0
26,1402,3.0
26,57243,4.0
26,96316,3.0
26,85723,2.0
26,44217,3.0
26,93905,4.0
26,99296,4.0
26,94038,1.0
26,19614,3.0
26,12609,3.0
26,65942,3.0
26,70881,1.0
26,104068,3.0
26,92588,2.0
26,2316,3.0
26,57532,3.0
26,85991,2.0
26,87826,1.0
26,46952,2.0
26,98950,1.0
26,66830,2.0
26,62273,2.0
26,60574,4.0
26,62317,2.0
26,46298,1.0
26,106868,3.0
26,456,4.0
26,71957,1.0
26,1416,2.0
26,1972,1.0
26,99631,3.0
26,85552,4.0
27,75006,2.0
27,76719,1.0
27,71577,3.0
27,71446,4.0
27,85853,3.0
27,10160,3.0
27,37854,1.0
27,106514,3.0
27,65988,1.0
27,71769,3.0
27,88239,4.0
27,96462,3.0
27,72071,3.0
27,45782,1.0
27,987,3.0
27,63174,2.0
27,1403,1.0
27,76479,1.0
27,44856,1.0
27,1396,2.0
27,99778,3.0
27,102619,3.0
27,83125,1.0
27,1668,1.0
27,106173,3.0
27,106513,4.0
27,106925,1.0
27,45140,3.0
27,60735,3.0
27,1429,2.0
27,107304,2.0
27,4551,4.0
27,63247,3.0
27,1433,1.0
27,12971,3.0
27,106149,2.0
27,60625,4.0
27,88046,3.0
27,100617,1.0
27,31910,3.0
27,1418,2.0
27,96316,3.0
27,66732,3.0
27,85723,2.0
27,44217,3.0
27,93905,2.0
27,1622,4.0
27,99296,3.0
27,94038,4.0
27,65942,2.0
27,62560,2.0
27,62104,2.0
27,70881,1.0
27,2316,2.0
27,73223,4.0
27,85991,1.0
27,87826,1.0
27,98950,4.0
27,66830,1.0
27,62273,1.0
27,32415,2.0
27,106868,2.0
27,60572,3.0
27,456,4.0
27,71957,4.0
27,72581,1.0
27,46296,3.0
27,1972,3.0
27,99631,4.0
28,105797,4.0
28,75006,2.0
28,71577,4.0
28,71446,2.0
28,48866,4.0
28,10160,2.0
28,106514,4.0
28,65988,3.0
28,71769,2.0
28,88239,4.0
28,96462,3.0
28,70523,1.0
28,72071,1.0
28,987,3.0
28,63174,2.0
28,76479,1.0
28,44856,1.0
28,102619,2.0
28,83125,1.0
28,85273,2.0
28,1668,1.0
28,106173,1.0
28,106513,4.0
28,106282,4.0
28,45140,1.0
28,60735,1.0
28,82856,1.0
28,1433,2.0
28,12971,2.0
28,106149,1.0
28,60625,4.0
28,88046,2.0
28,100617,2.0
28,31910,2.0
28,97617,3.0
28,1402,1.0
28,66732,2.0
28,44217,3.0
28,93905,4.0
28,1622,3.0
28,94038,1.0
28,19614,4.0
28,12609,3.0
28,65942,3.0
28,79680,1.0
28,70881,3.0
28,104068,2.0
28,92588,2.0
28,87826,2.0
28,46952,1.0
28,98950,2.0
28,66830,2.0
28,62273,4.0
28,60574,3.0
28,69050,2.0
28,32415,1.0
28,62317,4.0
28,71957,3.0
28,72581,2.0
28,46296,2.0
28,1416,3.0
28,93289,1.0
28,99631,2.0
29,105797,3.0
29,76719,1.0
29,71577,1.0
29,80986,3.0
29,85853,3.0
29,73586,1.0
29,48866,1.0
29,106514,2.0
29,65988,1.0
29,71769,4.0
29,70523,3.0
29,72071,2.0
29,45782,4.0
29,63174,3.0
29,1403,1.0
29,76479,2.0
29,1396,2.0
29,99778,4.0
29,102619,3.0
29,83125,1.0
29,1668,1.0
29,106173,3.0
29,106513,2.0
29,106925,1.0
29,60735,2.0
29,1429,4.0
29,4551,4.0
29,63247,4.0
29,1433,4.0
29,106149,3.0
29,88046,4.0
29,100617,4.0
29,31910,2.0
29,1418,3.0
29,1402,3.0
29,96316,2.0
29,66732,2.0
29,85723,1.0
29,44217,2.0
29,19885,2.0
29,99296,4.0
29,94038,2.0
29,12609,4.0
29,65942,2.0
29,62104,2.0
29,79680,1.0
29,70881,4.0
29,104068,3.0
29,92588,3.0
29,2316,3.0
29,57532,3.0
29,85991,1.0
29,87826,1.0
29,46952,2.0
29,98950,4.0
29,66830,3.0
29,62273,1.0
29,71712,2.0
29,60574,4.0
29,69050,1.0
29,32415,4.0
29,62317,1.0
29,46298,4.0
29,106868,1.0
29,60572,1.0
29,456,4.0
29,71957,4.0
29,72581,3.0
29,46296,2.0
29,93289,3.0
29,85552,3.0
30,105797,1.0
30,76719,3.0
30,71446,1.0
30,85853,2.0
30,37854,2.0
30,65988,2.0
30,71769,2.0
30,88239,2.0
30,96462,2.0
30,70523,3.0
30,79501,2.0
30,72071,3.0
30,45782,4.0
30,987,2.0
30,87017,4.0
30,63174,4.0
30,1403,1.0
30,44856,4.0
30,102619,4.0
30,85273,4.0
30,1668,2.0
30,106173,2.0
30,106513,2.0
30,106925,2.0
30,45140,3.0
30,60735,2.0
30,1429,1.0
30,82856,1.0
30,63247,3.0
30,88046,3.0
30,100617,4.0
30,31910,1.0
30,1402,4.0
30,57243,1.0
30,96316,2.0
30,66732,2.0
30,85723,1.0
30,44217,1.0
30,93905,2.0
30,19885,4.0
30,94038,1.0
30,19614,3.0
30,12609,3.0
30,65942,1.0
30,62560,2.0
30,62104,4.0
30,92588,1.0
30,2316,2.0
30,73223,1.0
30,57532,4.0
30,85991,2.0
30,87826,3.0
30,46952,4.0
30,98950,1.0
30,66830,1.0
30,62273,4.0
30,71712,2.0
30,60574,1.0
30,69050,2.0
30,32415,4.0
30,62317,4.0
30,46298,3.0
30,106868,1.0
30,60572,2.0
30,456,1.0
30,72581,2.0
30,46296,1.0
30,1416,1.0
30,1972,3.0
30,99631,3.0
31,105797,4.0
31,75006,4.0
31,71577,4.0
31,80986,1.0
31,85853,4.0
31,48866,4.0
31,10160,2.0
31,1399,1.0
31,85948,1.0
31,37854,4.0
31,106514,4.0
31,65988,2.0
31,71769,2.0
31,88239,3.0
31,96462,2.0
31,79501,4.0
31,72071,4.0
31,45782,3.0
31,63174,3.0
31,1396,3.0
31,102619,3.0
31,83125,4.0
31,1668,2.0
31,106513,1.0
31,106925,3.0
31,1429,4.0
31,107304,3.0
31,82856,2.0
31,63247,2.0
31,12971,1.0
31,106149,1.0
31,60625,1.0
31,88046,1.0
31,100617,1.0
31,31910,1.0
31,1418,2.0
31,1402,4.0
31,57243,1.0
31,96316,1.0
31,66732,4.0
31,85723,1.0
31,44217,1.0
31,1622,3.0
31,19885,4.0
31,99296,1.0
31,94038,1.0
31,19614,3.0
31,12609,1.0
31,65942,3.0
31,62104,1.0
31,79680,2.0
31,70881,1.0
31,92588,2.0
31,2316,1.0
31,73223,1.0
31,57532,3.0
31,85991,2.0
31,46952,4.0
31,98950,4.0
31,66830,2.0
31,71712,3.0
31,60574,4.0
31,69050,1.0
31,32415,4.0
31,46298,4.0
31,106868,1.0
31,60572,1.0
31,71957,1.0
31,46296,3.0
31,1416,3.0
31,1972,2.0
31,99631,2.0
31,85552,2.0
32,105797,4.0
32,48866,1.0
32,10160,4.0
32,1399,3.0
32,85948,1.0
32,106514,1.0
32,96462,3.0
32,70523,1.0
32,79501,2.0
32,72071,4.0
32,987,3.0
32,63174,1.0
32,1403,3.0
32,76479,4.0
32,99778,3.0
32,102619,4.0
32,83125,4.0
32,85273,1.0
32,1668,1.0
32,106513,2.0
32,106925,1.0
32,106282,3.0
32,45140,2.0
32,60735,2.0
32,1429,4.0
32,4551,4.0
32,82856,1.0
32,63247,4.0
32,1433,3.0
32,12971,3.0
32,106149,4.0
32,60625,1.0
32,100617,2.0
32,31910,2.0
32,1418,4.0
32,97617,4.0
32,1402,3.0
32,96316,3.0
32,66732,3.0
32,85723,2.0
32,44217,3.0
32,93905,1.0
32,19885,1.0
32,99296,4.0
32,94038,2.0
32,19614,1.0
32,65942,3.0
32,62104,2.0
32,79680,4.0
32,70881,2.0
32,92588,4.0
32,2316,3.0
32,57532,1.0
32,85991,1.0
32,46952,3.0
32,98950,3.0
32,66830,2.0
32,62273,3.0
32,71712,4.0
32,69050,4.0
32,46298,3.0
32,106868,2.0
32,71957,1.0
32,72581,2.0
32,46296,2.0
32,1416,3.0
32,1972,2.0
32,85552,1.0
33,75006,3.0
33,76719,1.0
33,71577,2.0
33,80986,1.0
33,71446,3.0
33,85853,3.0
33,73586,2.0
33,10160,1.0
33,1399,1.0
33,85948,4.0
33,37854,1.0
33,106514,2.0
33,65988,2.0
33,71769,4.0
33,88239,1.0
33,72071,1.0
33,45782,3.0
33,987,4.0
33,63174,2.0
33,1403,3.0
33,76479,3.0
33,44856,1.0
33,1396,3.0
33,83125,4.0
33,85273,1.0
33,106173,3.0
33,60735,4.0
33,1429,3.0
33,107304,4.0
33,4551,2.0
33,82856,4.0
33,63247,3.0
33,1433,1.0
33,12971,2.0
33,60625,3.0
33,88046,3.0
33,100617,4.0
33,1418,1.0
33,97617,1.0
33,1402,2.0
33,96316,3.0
33,66732,2.0
33,85723,1.0
33,1622,4.0
33,19885,2.0
33,99296,3.0
33,94038,4.0
33,19614,2.0
33,12609,2.0
33,65942,2.0
33,62560,4.0
33,70881,4.0
33,92588,2.0
33,73223,1.0
33,57532,1.0
33,87826,3.0
33,98950,2.0
33,71712,4.0
33,60574,3.0
33,69050,3.0
33,32415,4.0
33,46298,4.0
33,60572,2.0
33,71957,4.0
33,46296,2.0
33,1416,4.0
33,93289,1.0
33,99631,4.0
33,85552,4.0
34,105797,2.0
34,75006,1.0
34,76719,1.0
34,71577,4.0
34,71446,3.0
34,85853,2.0
34,73586,3.0
34,10160,1.0
34,1399,4.0
34,85948,3.0
34,106514,3.0
34,71769,1.0
34,88239,2.0
34,96462,1.0
34,70523,1.0
34,79501,2.0
34,72071,4.0
34,987,2.0
34,87017,3.0
34,63174,1.0
34,76479,4.0
34,1396,3.0
34,83125,2.0
34,85273,1.0
34,106173,4.0
34,106513,2.0
34,106925,2.0
34,106282,3.0
34,45140,1.0
34,60735,3.0
34,1429,1.0
34,107304,2.0
34,4551,4.0
34,1433,4.0
34,12971,2.0
34,106149,2.0
34,88046,4.0
34,100617,4.0
34,31910,4.0
34,57243,4.0
34,96316,1.0
34,85723,4.0
34,44217,3.0
34,93905,2.0
34,1622,4.0
34,19885,2.0
34,99296,4.0
34,94038,1.0
34,19614,2.0
34,65942,1.0
34,79680,4.0
34,104068,3.0
34,92588,2.0
34,73223,4.0
34,57532,4.0
34,85991,2.0
34,87826,1.0
34,46952,2.0
34,66830,3.0
34,62273,3.0
34,71712,3.0
34,69050,2.0
34,32415,1.0
34,62317,4.0
34,46298,4.0
34,71957,4.0
34,72581,1.0
34,46296,2.0
34,1416,3.0
34,1972,4.0
34,93289,1.0
34,99631,4.0
34,85552,3.0
35,105797,1.0
35,75006,2.0
35,76719,4.0
35,71446,2.0
35,85853,4.0
35,73586,1.0
35,10160,1.0
35,1399,2.0
35,85948,4.0
35,37854,3.0
35,65988,3.0
35,88239,4.0
35,79501,4.0
35,987,4.0
35,63174,1.0
35,1403,1.0
35,44856,2.0
35,1396,2.0
35,99778,3.0
35,102619,1.0
35,83125,3.0
35,1668,4.0
35,106173,4.0
35,106513,1.0
35,106925,4.0
35,45140,2.0
35,60735,1.0
35,1429,3.0
35,4551,2.0
35,63247,2.0
35,12971,3.0
35,106149,4.0
35,60625,3.0
35,88046,2.0
35,100617,2.0
35,31910,4.0
35,97617,3.0
35,57243,1.0
35,96316,2.0
35,1622,2.0
35,19885,4.0
35,99296,2.0
35,65942,4.0
35,62560,1.0
35,62104,1.0
35,79680,1.0
35,104068,1.0
35,2316,1.0
35,73223,2.0
35,85991,1.0
35,46952,3.0
35,98950,4.0
35,71712,1.0
35,69050,1.0
35,32415,4.0
35,62317,4.0
35,46298,3.0
35,106868,2.0
35,60572,3.0
35,456,3.0
35,71957,3.0
35,93289,1.0
35,99631,3.0
36,105797,3.0
36,76719,4.0
36,80986,4.0
36,71446,3.0
36,73586,4.0
36,48866,2.0
36,1399,4.0
36,85948,2.0
36,106514,4.0
36,65988,4.0
36,71769,4.0
36,70523,3.0
36,79501,2.0
36,72071,3.0
36,45782,1.0
36,87017,1.0
36,1403,2.0
36,44856,3.0
36,1396,2.0
36,102619,2.0
36,85273,1.0
36,1668,1.0
36,106173,2.0
36,106925,3.0
36,106282,1.0
36,1429,1.0
36,107304,4.0
36,4551,3.0
36,82856,4.0
36,63247,4.0
36,1433,3.0
36,106149,3.0
36,60625,3.0
36,31910,3.0
36,1418,1.0
36,97617,2.0
36,66732,3.0
36,1622,4.0
36,19885,1.0
36,99296,1.0
36,19614,2.0
36,62104,1.0
36,79680,4.0
36,70881,1.0
36,104068,3.0
36,92588,2.0
36,2316,4.0
36,57532,3.0
36,85991,4.0
36,46952,2.0
36,62273,1.0
36,71712,1.0
36,69050,2.0
36,32415,4.0
36,106868,3.0
36,71957,1.0
36,72581,4.0
36,46296,2.0
36,1416,3.0
36,93289,1.0
36,99631,2.0
37,105797,1.0
37,75006,3.0
37,71577,1.0
37,80986,2.0
37,71446,2.0
37,85853,3.0
37,73586,4.0
37,10160,4.0
37,1399,1.0
37,37854,3.0
37,71769,2.0
37,88239,4.0
37,96462,4.0
37,70523,3.0
37,79501,2.0
37,72071,1.0
37,45782,4.0
37,987,1.0
37,1403,2.0
37,76479,1.0
37,44856,2.0
37,1396,4.0
37,99778,2.0
37,85273,1.0
37,106173,1.0
37,106282,3.0
37,45140,4.0
37,60735,2.0
37,107304,3.0
37,4551,1.0
37,82856,3.0
37,1433,1.0
37,106149,3.0
37,60625,2.0
37,88046,3.0
37,100617,2.0
37,31910,1.0
37,1418,4.0
37,1402,2.0
37,57243,2.0
37,96316,4.0
37,66732,2.0
37,93905,4.0
37,1622,1.0
37,19885,3.0
37,99296,4.0
37,19614,2.0
37,12609,3.0
37,65942,4.0
37,62560,4.0
37,79680,3.0
37,70881,3.0
37,2316,2.0
37,73223,2.0
37,57532,1.0
37,87826,3.0
37,46952,4.0
37,98950,1.0
37,66830,3.0
37,71712,1.0
37,60574,2.0
37,69050,2.0
37,32415,1.0
37,46298,1.0
37,106868,1.0
37,60572,1.0
37,456,1.0
37,71957,2.0
37,1416,4.0
37,1972,3.0
37,99631,1.0
37,85552,2.0
38,105797,4.0
38,71577,4.0
38,71446,4.0
38,85853,2.0
38,73586,3.0
38,1399,4.0
38,85948,4.0
38,37854,2.0
38,71769,4.0
38,96462,2.0
38,70523,4.0
38,45782,2.0
38,87017,3.0
38,63174,3.0
38,1403,4.0
38,44856,4.0
38,102619,1.0
38,1668,2.0
38,106513,4.0
38,106925,4.0
38,106282,4.0
38,45140,3.0
38,60735,2.0
38,1429,1.0
38,107304,3.0
38,4551,1.0
38,82856,1.0
38,63247,3.0
38,1433,1.0
38,12971,1.0
38,106149,2.0
38,88046,3.0
38,100617,3.0
38,31910,1.0
38,1418,1.0
38,1402,3.0
38,57243,4.0
38,66732,1.0
38,44217,1.0
38,93905,3.0
38,1622,4.0
38,19885,2.0
38,94038,1.0
38,19614,2.0
38,62560,1.0
38,62104,3.0
38,70881,1.0
38,104068,1.0
38,57532,2.0
38,85991,2.0
38,87826,1.0
38,46952,3.0
38,98950,4.0
38,66830,2.0
38,62273,2.0
38,71712,3.0
38,60574,2.0
38,69050,2.0
38,62317,4.0
38,106868,4.0
38,60572,1.0
38,456,2.0
38,71957,1.0
38,72581,2.0
38,46296,1.0
38,1972,2.0
38,93289,3.0
39,105797,1.0
39,75006,4.0
39,76719,4.0
39,71577,4.0
39,71446,3.0
39,85853,3.0
39,73586,1.0
39,48866,3.0
39,10160,2.0
39,1399,1.0
39,85948,3.0
39,37854,4.0
39,106514,2.0
39,96462,3.0
39,70523,3.0
39,72071,2.0
39,987,4.0
39,87017,3.0
39,63174,2.0
39,76479,1.0
39,44856,3.0
39,1396,1.0
39,99778,4.0
39,102619,4.0
39,83125,4.0
39,85273,2.0
39,1668,4.0
39,106173,3.0
39,106513,2.0
39,106925,3.0
39,106282,3.0
39,60735,3.0
39,107304,1.0
39,82856,1.0
39,63247,2.0
39,12971,1.0
39,106149,4.0
39,60625,2.0
39,100617,4.0
39,31910,3.0
39,1418,1.0
39,97617,4.0
39,1402,2.0
39,57243,3.0
39,66732,3.0
39,85723,3.0
39,44217,1.0
39,93905,3.0
39,1622,4.0
39,94038,4.0
39,19614,1.0
39,12609,4.0
39,65942,1.0
39,62104,1.0
39,79680,4.0
39,104068,1.0
39,92588,1.0
39,2316,2.0
39,73223,3.0
39,85991,1.0
39,87826,1.0
39,46952,4.0
39,98950,4.0
39,62273,2.0
39,71712,4.0
39,60574,1.0
39,69050,1.0
39,62317,3.0
39,106868,4.0
39,60572,2.0
39,71957,4.0
39,72581,3.0
39,1416,1.0
39,1972,1.0
39,93289,2.0
39,99631,2.0
40,105797,1.0
40,85853,4.0
40,73586,2.0
40,10160,1.0
40,1399,4.0
40,37854,2.0
40,106514,2.0
40,65988,3.0
40,71769,4.0
40,88239,3.0
40,96462,4.0
40,70523,2.0
40,987,4.0
40,63174,2.0
40,76479,3.0
40,44856,2.0
40,1396,3.0
40,99778,3.0
40,102619,2.0
40,85273,1.0
40,1668,4.0
40,106513,1.0
40,106925,4.0
40,45140,2.0
40,107304,2.0
40,63247,2.0
40,1433,1.0
40,12971,3.0
40,106149,3.0
40,60625,1.0
40,88046,4.0
40,100617,1.0
40,31910,1.0
40,1418,1.0
40,97617,2.0
40,1402,3.0
40,57243,1.0
40,85723,1.0
40,1622,2.0
40,19885,3.0
40,99296,2.0
40,94038,3.0
40,12609,1.0
40,65942,3.0
40,62560,1.0
40,79680,3.0
40,70881,3.0
40,104068,2.0
40,2316,4.0
40,73223,2.0
40,87826,2.0
40,46952,4.0
40,98950,2.0
40,71712,3.0
40,60574,1.0
40,69050,2.0
40,62317,2.0
40,46298,2.0
40,60572,4.0
40,456,2.0
40,71957,1.0
40,72581,1.0
40,1416,2.0
40,1972,3.0
40,99631,1.0
40,85552,2.0
41,71577,1.0
41,80986,2.0
41,71446,1.0
41,85853,4.0
41,73586,2.0
41,10160,4.0
41,85948,3.0
41,37854,2.0
41,106514,1.0
41,65988,4.0
41,71769,1.0
41,96462,1.0
41,70523,2.0
41,79501,4.0
41,72071,3.0
41,45782,3.0
41,987,2.0
41,1403,3.0
41,76479,2.0
41,1396,1.0
41,99778,4.0
41,85273,3.0
41,106173,4.0
41,106282,1.0
41,45140,4.0
41,60735,1.0
41,1429,3.0
41,107304,4.0
41,4551,2.0
41,63247,1.0
41,1433,2.0
41,12971,2.0
41,106149,2.0
41,88046,1.0
41,100617,4.0
41,1418,4.0
41,97617,1.0
41,1402,4.0
41,57243,2.0
41,96316,3.0
41,85723,2.0
41,44217,4.0
41,1622,3.0
41,19885,2.0
41,94038,3.0
41,19614,3.0
41,65942,2.0
41,62560,4.0
41,62104,3.0
41,79680,1.0
41,70881,1.0
41,92588,1.0
41,73223,4.0
41,57532,4.0
41,87826,4.0
41,98950,1.0
41,66830,4.0
41,71712,3.0
41,69050,2.0
41,46298,4.0
41,106868,2.0
41,60572,3.0
41,71957,4.0
41,46296,2.0
41,1416,2.0
41,1972,3.0
41,93289,4.0
42,105797,1.0
42,76719,2.0
42,71446,2.0
42,73586,3.0
42,10160,4.0
42,1399,4.0
42,85948,3.0
42,106514,1.0
42,65988,2.0
42,88239,4.0
42,79501,3.0
42,72071,2.0
42,1403,1.0
42,44856,2.0
42,1396,1.0
42,99778,1.0
42,102619,3.0
42,85273,4.0
42,1668,4.0
42,106173,4.0
42,106513,4.0
42,106925,1.0
42,106282,3.0
42,45140,4.0
42,60735,2.0
42,1429,4.0
42,1433,3.0
42,12971,4.0
42,106149,2.0
42,100617,1.0
42,31910,3.0
42,1418,4.0
42,97617,3.0
42,1402,3.0
42,57243,1.0
42,96316,4.0
42,85723,4.0
42,44217,2.0
42,93905,3.0
42,19885,1.0
42,99296,2.0
42,19614,2.0
42,12609,1.0
42,65942,4.0
42,62104,2.0
42,70881,3.0
42,104068,3.0
42,85991,1.0
42,87826,1.0
42,98950,4.0
42,66830,4.0
42,62273,4.0
42,71712,1.0
42,60574,4.0
42,69050,3.0
42,32415,3.0
42,106868,4.0
42,456,3.0
42,71957,2.0
42,72581,2.0
42,46296,1.0
42,1416,3.0
42,1972,2.0
42,99631,4.0
42,85552,1.0
43,105797,2.0
43,76719,1.0
43,80986,3.0
43,71446,4.0
43,85853,4.0
43,48866,3.0
43,10160,3.0
43,1399,2.0
43,106514,1.0
43,65988,2.0
43,71769,1.0
43,88239,1.0
43,70523,3.0
43,79501,3.0
43,72071,4.0
43,45782,4.0
43,987,2.0
43,87017,4.0
43,63174,2.0
43,76479,1.0
43,44856,1.0
43,1396,3.0
43,99778,4.0
43,102619,2.0
43,83125,3.0
43,85273,4.0
43,106173,3.0
43,106925,3.0
43,106282,4.0
43,45140,4.0
43,60735,1.0
43,1429,3.0
43,107304,4.0
43,4551,3.0
43,63247,2.0
43,12971,3.0
43,106149,1.0
43,60625,2.0
43,88046,3.0
43,100617,4.0
43,31910,2.0
43,1418,4.0
43,97617,1.0
43,96316,1.0
43,85723,1.0
43,44217,1.0
43,93905,2.0
43,1622,1.0
43,19885,1.0
43,99296,2.0
43,94038,2.0
43,79680,4.0
43,104068,1.0
43,92588,1.0
43,57532,1.0
43,85991,2.0
43,46952,3.0
43,98950,1.0
43,66830,2.0
43,71712,1.0
43,69050,2.0
43,32415,2.0
43,62317,1.0
43,106868,2.0
43,456,2.0
43,71957,2.0
43,72581,1.0
43,46296,1.0
43,1416,1.0
43,1972,2.0
43,99631,3.0
44,105797,1.0
44,76719,2.0
44,71577,2.0
44,80986,1.0
44,71446,2.0
44,85853,4.0
44,10160,3.0
44,1399,3.0
44,37854,2.0
44,106514,3.0
44,65988,3.0
44,71769,4.0
44,88239,1.0
44,96462,1.0
44,79501,1.0
44,45782,1.0
44,87017,4.0
44,63174,3.0
44,76479,4.0
44,44856,1.0
44,1396,4.0
44,99778,1.0
44,102619,2.0
44,85273,3.0
44,1668,1.0
44,106173,4.0
44,106513,2.0
44,106925,4.0
44,106282,2.0
44,45140,2.0
44,60735,4.0
44,107304,4.0
44,4551,2.0
44,82856,2.0
44,1433,1.0
44,106149,2.0
44,60625,2.0
44,88046,4.0
44,1418,3.0
44,1402,3.0
44,96316,3.0
44,66732,4.0
44,85723,3.0
44,44217,1.0
44,93905,2.0
44,1622,4.0
44,19885,2.0
44,99296,3.0
44,94038,2.0
44,19614,1.0
44,12609,3.0
44,62560,2.0
44,79680,1.0
44,70881,3.0
44,104068,4.0
44,57532,3.0
44,85991,2.0
44,87826,1.0
44,46952,1.0
44,98950,2.0
44,66830,3.0
44,71712,3.0
44,69050,1.0
44,456,4.0
44,71957,4.0
44,72581,4.0
44,46296,3.0
44,1416,3.0
44,1972,1.0
44,93289,2.0
44,99631,1.0
44,85552,3.0
45,105797,1.0
45,76719,4.0
45,71577,4.0
45,73586,1.0
45,48866,1.0
45,10160,2.0
45,1399,3.0
45,85948,2.0
45,37854,3.0
45,106514,4.0
45,71769,4.0
45,88239,1.0
45,96462,4.0
45,79501,4.0
45,72071,3.0
45,87017,4.0
45,63174,1.0
45,1403,1.0
45,76479,2.0
45,44856,3.0
45,1396,1.0
45,83125,1.0
45,85273,2.0
45,1668,1.0
45,106173,2.0
45,106513,4.0
45,106282,2.0
45,45140,3.0
45,60735,2.0
45,1429,2.0
45,107304,1.0
45,4551,2.0
45,63247,4.0
45,1433,4.0
45,12971,3.0
45,106149,3.0
45,88046,4.0
45,100617,2.0
45,31910,3.0
45,1418,2.0
45,97617,2.0
45,1402,3.0
45,57243,3.0
45,44217,3.0
45,93905,3.0
45,1622,1.0
45,19885,2.0
45,94038,3.0
45,19614,4.0
45,12609,2.0
45,62560,3.0
45,79680,4.0
45,104068,2.0
45,92588,2.0
45,2316,4.0
45,73223,2.0
45,57532,3.0
45,85991,2.0
45,87826,2.0
45,98950,1.0
45,66830,2.0
45,71712,2.0
45,60574,3.0
45,69050,4.0
45,32415,4.0
45,46298,3.0
45,106868,3.0
45,60572,2.0
45,456,1.0
45,71957,1.0
45,72581,3.0
45,46296,2.0
45,1416,3.0
45,99631,2.0
45,85552,4.0
46,105797,3.0
46,71577,3.0
46,80986,1.0
46,73586,1.0
46,10160,2.0
46,1399,3.0
46,85948,2.0
46,65988,3.0
46,88239,1.0
46,70523,3.0
46,79501,2.0
46,45782,1.0
46,987,2.0
46,63174,2.0
46,1403,3.0
46,76479,2.0
46,44856,4.0
46,1396,2.0
46,99778,1.0
46,83125,3.0
46,85273,1.0
46,106173,2.0
46,106513,3.0
46,106282,1.0
46,45140,2.0
46,60735,3.0
46,107304,4.0
46,4551,3.0
46,82856,1.0
46,63247,1.0
46,12971,2.0
46,106149,2.0
46,60625,4.0
46,88046,2.0
46,100617,4.0
46,1418,1.0
46,97617,2.0
46,1402,1.0
46,57243,1.0
46,96316,1.0
46,66732,4.0
46,85723,4.0
46,44217,4.0
46,93905,1.0
46,1622,1.0
46,19885,2.0
46,99296,1.0
46,94038,2.0
46,19614,3.0
46,65942,1.0
46,62560,4.0
46,62104,1.0
46,70881,2.0
46,104068,1.0
46,92588,2.0
46,2316,1.0
46,57532,4.0
46,85991,1.0
46,87826,1.0
46,66830,1.0
46,60574,4.0
46,69050,4.0
46,32415,1.0
46,62317,2.0
46,46298,1.0
46,106868,1.0
46,60572,2.0
46,71957,3.0
46,72581,3.0
46,46296,2.0
46,1972,2.0
46,93289,1.0
46,85552,3.0
47,105797,4.0
47,75006,4.0
47,76719,1.0
47,80986,4.0
47,85853,1.0
47,73586,4.0
47,48866,4.0
47,10160,1.0
47,1399,1.0
47,85948,1.0
47,37854,4.0
47,106514,2.0
47,65988,3.0
47,88239,3.0
47,70523,1.0
47,79501,3.0
47,1403,1.0
47,102619,2.0
47,83125,3.0
47,1668,1.0
47,1429,2.0
47,107304,2.0
47,4551,3.0
47,82856,4.0
47,63247,1.0
47,1433,3.0
47,106149,4.0
47,97617,1.0
47,57243,3.0
47,96316,4.0
47,66732,2.0
47,85723,4.0
47,44217,2.0
47,19885,2.0
47,99296,3.0
47,19614,1.0
47,12609,3.0
47,65942,3.0
47,62104,3.0
47,79680,3.0
47,70881,4.0
47,104068,3.0
47,85991,2.0
47,46952,1.0
47,98950,3.0
47,66830,2.0
47,71712,2.0
47,69050,4.0
47,32415,4.0
47,62317,2.0
47,46298,2.0
47,106868,4.0
47,72581,4.0
47,93289,2.0
48,76719,1.0
48,71577,2.0
48,71446,4.0
48,73586,1.0
48,48866,2.0
48,10160,2.0
48,1399,4.0
48,85948,4.0
48,37854,2.0
48,106514,4.0
48,65988,1.0
48,88239,4.0
48,79501,2.0
48,72071,4.0
48,45782,4.0
48,87017,4.0
48,63174,3.0
48,44856,1.0
48,1396,3.0
48,83125,3.0
48,1668,1.0
48,106173,1.0
48,106513,4.0
48,45140,2.0
48,60735,4.0
48,1429,4.0
48,107304,1.0
48,82856,3.0
48,63247,3.0
48,12971,2.0
48,60625,2.0
48,31910,1.0
48,1418,1.0
48,1402,4.0
48,57243,1.0
48,96316,2.0
48,66732,3.0
48,85723,2.0
48,44217,3.0
48,19885,3.0
48,99296,3.0
48,94038,1.0
48,12609,2.0
48,62104,1.0
48,79680,4.0
48,104068,3.0
48,2316,2.0
48,73223,3.0
48,46952,1.0
48,98950,4.0
48,66830,4.0
48,62273,2.0
48,71712,3.0
48,69050,3.0
48,32415,2.0
48,62317,1.0
48,60572,1.0
48,72581,3.0
48,46296,2.0
48,1416,1.0
48,93289,3.0
48,99631,2.0
48,85552,4.0
49,105797,4.0
49,76719,2.0
49,71577,2.0
49,80986,2.0
49,85853,3.0
49,10160,4.0
49,85948,1.0
49,37854,2.0
49,106514,3.0
49,65988,2.0
49,71769,4.0
49,96462,4.0
49,70523,2.0
49,45782,2.0
49,987,3.0
49,87017,2.0
49,63174,3.0
49,1403,1.0
49,44856,4.0
49,1396,1.0
49,99778,4.0
49,102619,2.0
49,83125,4.0
49,85273,4.0
49,1668,3.0
49,106173,4.0
49,106513,1.0
49,106282,2.0
49,45140,3.0
49,60735,3.0
49,107304,1.0
49,4551,1.0
49,63247,3.0
49,1433,4.0
49,12971,3.0
49,106149,2.0
49,60625,4.0
49,88046,2.0
49,31910,3.0
49,1418,2.0
49,97617,1.0
49,1402,4.0
49,57243,2.0
49,96316,2.0
49,85723,4.0
49,44217,3.0
49,94038,2.0
49,19614,4.0
49,65942,4.0
49,62560,3.0
49,70881,3.0
49,104068,4.0
49,2316,2.0
49,73223,4.0
49,57532,2.0
49,85991,3.0
49,87826,3.0
49,66830,2.0
49,62273,3.0
49,71712,3.0
49,60574,1.0
49,69050,4.0
49,32415,4.0
49,62317,2.0
49,106868,4.0
49,60572,2.0
49,46296,1.0
49,1972,2.0
49,93289,4.0
49,99631,3.0
50,105797,2.0
50,75006,1.0
50,76719,2.0
50,71577,2.0
50,71446,4.0
50,85853,4.0
50,73586,1.0
50,48866,4.0
50,10160,3.0
50,1399,3.0
50,85948,4.0
50,71769,1.0
50,88239,3.0
50,72071,2.0
50,987,3.0
50,63174,4.0
50,1403,1.0
50,1396,2.0
50,99778,3.0
50,102619,2.0
50,83125,4.0
50,85273,4.0
50,106173,1.0
50,106282,1.0
50,60735,2.0
50,1429,3.0
50,107304,2.0
50,4551,4.0
50,82856,3.0
50,63247,1.0
50,1433,3.0
50,12971,4.0
50,106149,2.0
50,100617,3.0
50,1418,3.0
50,97617,2.0
50,1402,4.0
50,57243,2.0
50,96316,4.0
50,66732,4.0
50,1622,2.0
50,94038,4.0
50,19614,4.0
50,65942,1.0
50,62560,3.0
50,62104,2.0
50,79680,4.0
50,104068,3.0
50,92588,2.0
50,2316,2.0
50,73223,3.0
50,57532,1.0
50,85991,2.0
50,87826,4.0
50,46952,1.0
50,98950,4.0
50,66830,2.0
50,62273,3.0
50,71712,4.0
50,32415,1.0
50,72581,2.0
50,1416,4.0
50,1972,4.0
50,93289,1.0
50,85552,4.0
51,105797,3.0
51,76719,3.0
51,80986,3.0
51,73586,4.0
51,48866,1.0
51,10160,3.0
51,1399,2.0
51,37854,4.0
51,106514,3.0
51,79501,1.0
51,72071,3.0
51,987,2.0
51,87017,2.0
51,1403,2.0
51,76479,3.0
51,44856,1.0
51,1396,2.0
51,102619,1.0
51,83125,2.0
51,106173,4.0
51,106282,1.0
51,45140,3.0
51,60735,3.0
51,4551,4.0
51,82856,1.0
51,63247,4.0
51,1433,4.0
51,12971,4.0
51,106149,3.0
51,60625,3.0
51,88046,4.0
51,100617,3.0
51,31910,2.0
51,1402,1.0
51,96316,2.0
51,44217,3.0
51,93905,3.0
51,1622,1.0
51,19885,4.0
51,99296,2.0
51,19614,3.0
51,62560,2.0
51,62104,1.0
51,79680,1.0
51,70881,3.0
51,104068,1.0
51,92588,3.0
51,73223,2.0
51,85991,4.0
51,87826,2.0
51,46952,2.0
51,98950,1.0
51,62273,4.0
51,71712,4.0
51,60574,2.0
51,32415,3.0
51,60572,1.0
51,456,4.0
51,71957,4.0
51,72581,4.0
51,46296,3.0
51,1416,4.0
51,1972,2.0
51,93289,4.0
52,105797,4.0
52,75006,3.0
52,76719,3.0
52,80986,4.0
52,85853,3.0
52,73586,3.0
52,48866,1.0
52,10160,1.0
52,1399,3.0
52,85948,4.0
52,37854,3.0
52,106514,4.0
52,71769,4.0
52,88239,2.0
52,96462,4.0
52,70523,2.0
52,72071,1.0
52,45782,3.0
52,87017,2.0
52,63174,3.0
52,1403,4.0
52,76479,3.0
52,1396,1.0
52,99778,2.0
52,102619,3.0
52,83125,4.0
52,1668,4.0
52,45140,3.0
52,1429,4.0
52,107304,4.0
52,4551,2.0
52,82856,1.0
52,63247,3.0
52,1433,3.0
52,12971,3.0
52,60625,3.0
52,88046,1.0
52,100617,3.0
52,31910,4.0
52,1418,1.0
52,97617,2.0
52,1402,2.0
52,57243,4.0
52,96316,4.0
52,66732,3.0
52,85723,4.0
52,44217,3.0
52,93905,1.0
52,99296,3.0
52,19614,4.0
52,62104,3.0
52,79680,1.0
52,104068,2.0
52,2316,3.0
52,73223,4.0
52,57532,2.0
52,85991,2.0
52,98950,3.0
52,66830,4.0
52,62273,3.0
52,71712,2.0
52,60574,4.0
52,69050,4.0
52,32415,4.0
52,62317,2.0
52,46298,4.0
52,60572,3.0
52,456,4.0
52,71957,1.0
52,72581,4.0
52,1972,2.0
52,93289,2.0
52,85552,3.0
53,75006,4.0
53,71577,1.0
53,80986,1.0
53,71446,1.0
53,10160,1.0
53,1399,2.0
53,106514,2.0
53,65988,4.0
53,71769,1.0
53,88239,4.0
53,70523,4.0
53,79501,4.0
53,72071,4.0
53,45782,1.0
53,87017,2.0
53,63174,2.0
53,1403,1.0
53,44856,1.0
53,1396,1.0
53,99778,4.0
53,102619,1.0
53,83125,4.0
53,1668,4.0
53,106173,2.0
53,106513,2.0
53,106925,2.0
53,60735,4.0
53,107304,2.0
53,63247,1.0
53,106149,3.0
53,60625,3.0
53,100617,1.0
53,31910,1.0
53,1418,3.0
53,57243,3.0
53,96316,2.0
53,66732,4.0
53,85723,2.0
53,1622,2.0
53,94038,2.0
53,19614,4.0
53,12609,3.0
53,65942,3.0
53,62560,4.0
53,62104,1.0
53,70881,4.0
53,104068,1.0
53,87826,2.0
53,46952,4.0
53,98950,1.0
53,62273,4.0
53,60574,4.0
53,62317,1.0
53,46298,3.0
53,106868,3.0
53,456,4.0
53,71957,4.0
53,72581,4.0
53,46296,4.0
53,1416,4.0
53,93289,4.0
54,105797,4.0
54,76719,4.0
54,80986,3.0
54,10160,3.0
54,1399,4.0
54,85948,1.0
54,37854,1.0
54,106514,2.0
54,65988,2.0
54,71769,4.0
54,88239,4.0
54,96462,2.0
54,70523,4.0
54,79501,2.0
54,72071,2.0
54,45782,4.0
54,87017,1.0
54,63174,1.0
54,1403,2.0
54,44856,2.0
54,99778,3.0
54,102619,2.0
54,85273,1.0
54,1668,1.0
54,106173,2.0
54,106513,2.0
54,60735,2.0
54,1429,4.0
54,107304,1.0
54,4551,1.0
54,1433,4.0
54,106149,2.0
54,60625,3.0
54,88046,4.0
54,100617,3.0
54,31910,3.0
54,97617,3.0
54,96316,4.0
54,66732,4.0
54,85723,4.0
54,93905,1.0
54,94038,2.0
54,12609,4.0
54,104068,1.0
54,2316,4.0
54,73223,1.0
54,46952,2.0
54,98950,2.0
54,71712,2.0
54,69050,2.0
54,62317,3.0
54,46298,4.0
54,106868,4.0
54,60572,1.0
54,456,1.0
54,71957,2.0
54,72581,2.0
54,46296,3.0
54,93289,4.0
55,105797,4.0
55,71577,3.0
55,71446,1.0
55,73586,1.0
55,48866,4.0
55,10160,3.0
55,1399,3.0
55,106514,1.0
55,71769,2.0
55,88239,1.0
55,96462,2.0
55,70523,3.0
55,79501,1.0
55,72071,1.0
55,987,4.0
55,87017,1.0
55,1403,1.0
55,76479,3.0
55,44856,2.0
55,1396,2.0
55,99778,3.0
55,83125,3.0
55,85273,1.0
55,1668,1.0
55,106513,3.0
55,106282,3.0
55,45140,1.0
55,107304,1.0
55,82856,1.0
55,63247,1.0
55,60625,4.0
55,31910,2.0
55,1418,4.0
55,1402,1.0
55,57243,1.0
55,66732,4.0
55,85723,4.0
55,93905,4.0
55,99296,4.0
55,94038,2.0
55,19614,1.0
55,12609,1.0
55,65942,4.0
55,62560,3.0
55,62104,3.0
55,70881,1.0
55,92588,3.0
55,73223,4.0
55,87826,2.0
55,46952,1.0
55,98950,4.0
55,66830,4.0
55,62273,1.0
55,71712,3.0
55,60574,1.0
55,32415,1.0
55,62317,2.0
55,46298,2.0
55,456,1.0
55,71957,4.0
55,72581,3.0
55,46296,1.0
55,93289,3.0
55,99631,4.0
56,105797,2.0
56,75006,3.0
56,71577,1.0
56,80986,3.0
56,71446,1.0
56,73586,3.0
56,48866,3.0
56,10160,4.0
56,85948,1.0
56,37854,4.0
56,65988,3.0
56,71769,1.0
56,88239,2.0
56,70523,3.0
56,79501,2.0
56,72071,3.0
56,987,2.0
56,63174,3.0
56,44856,1.0
56,99778,3.0
56,83125,2.0
56,85273,3.0
56,1668,2.0
56,106173,4.0
56,106513,2.0
56,106925,4.0
56,106282,2.0
56,45140,4.0
56,60735,3.0
56,1429,4.0
56,107304,1.0
56,82856,2.0
56,63247,3.0
56,1433,3.0
56,106149,2.0
56,60625,3.0
56,100617,2.0
56,31910,1.0
56,97617,2.0
56,57243,2.0
56,66732,1.0
56,85723,4.0
56,19885,1.0
56,99296,1.0
56,94038,4.0
56,19614,4.0
56,62560,4.0
56,79680,3.0
56,92588,1.0
56,2316,4.0
56,73223,1.0
56,57532,1.0
56,85991,4.0
56,87826,3.0
56,66830,2.0
56,62273,4.0
56,60574,3.0
56,69050,2.0
56,32415,1.0
56,62317,4.0
56,46298,2.0
56,106868,3.0
56,60572,2.0
56,71957,1.0
56,72581,4.0
56,46296,4.0
56,1416,3.0
56,93289,4.0
57,105797,4.0
57,76719,2.0
57,71577,4.0
57,80986,3.0
57,10160,4.0
57,1399,1.0
57,85948,1.0
57,37854,3.0
57,71769,2.0
57,88239,1.0
57,70523,3.0
57,79501,3.0
57,72071,1.0
57,45782,4.0
57,987,2.0
57,87017,3.0
57,44856,4.0
57,99778,1.0
57,102619,2.0
57,83125,1.0
57,85273,3.0
57,1668,1.0
57,106173,1.0
57,106513,4.0
57,106925,2.0
57,106282,1.0
57,1429,4.0
57,107304,1.0
57,4551,2.0
57,82856,1.0
57,63247,4.0
57,1433,4.0
57,60625,2.0
57,88046,1.0
57,100617,4.0
57,31910,3.0
57,1418,2.0
57,97617,3.0
57,1402,4.0
57,57243,2.0
57,96316,3.0
57,66732,2.0
57,44217,3.0
57,93905,2.0
57,19885,2.0
57,99296,4.0
57,94038,2.0
57,19614,3.0
57,12609,1.0
57,65942,2.0
57,62560,4.0
57,70881,2.0
57,104068,2.0
57,73223,1.0
57,57532,4.0
57,85991,4.0
57,66830,2.0
57,62273,4.0
57,71712,3.0
57,60574,4.0
57,32415,3.0
57,62317,1.0
57,46298,1.0
57,106868,3.0
57,71957,4.0
57,46296,1.0
57,1972,2.0
57,93289,2.0
57,99631,2.0
57,85552,2.0
58,105797,4.0
58,71577,1.0
58,71446,3.0
58,85853,3.0
58,73586,3.0
58,48866,1.0
58,10160,4.0
58,106514,3.0
58,71769,2.0
58,88239,1.0
58,70523,4.0
58,79501,2.0
58,72071,3.0
58,45782,1.0
58,987,4.0
58,87017,3.0
58,63174,4.0
58,1403,1.0
58,76479,2.0
58,99778,2.0
58,102619,4.0
58,85273,2.0
58,1668,4.0
58,106513,1.0
58,106925,2.0
58,45140,1.0
58,60735,2.0
58,1429,3.0
58,107304,1.0
58,1433,4.0
58,12971,4.0
58,106149,2.0
58,60625,2.0
58,88046,3.0
58,31910,2.0
58,1418,3.0
58,97617,1.0
58,57243,1.0
58,96316,4.0
58,44217,4.0
58,93905,4.0
58,1622,2.0
58,19885,2.0
58,99296,1.0
58,94038,2.0
58,12609,1.0
58,65942,3.0
58,62560,2.0
58,79680,2.0
58,92588,1.0
58,85991,4.0
58,87826,1.0
58,46952,3.0
58,98950,3.0
58,66830,2.0
58,62273,4.0
58,71712,4.0
58,60574,2.0
58,69050,2.0
58,32415,4.0
58,46298,4.0
58,106868,2.0
58,71957,3.0
58,46296,2.0
58,1416,1.0
58,1972,1.0
58,93289,3.0
58,99631,4.0
58,85552,1.0
59,105797,1.0
59,75006,2.0
59,71446,3.0
59,73586,2.0
59,48866,3.0
59,10160,3.0
59,106514,1.0
59,65988,2.0
59,71769,1.0
59,88239,4.0
59,96462,4.0
59,70523,2.0
59,72071,4.0
59,87017,2.0
59,1403,1.0
59,76479,1.0
59,99778,3.0
59,83125,4.0
59,85273,2.0
59,1668,4.0
59,106173,2.0
59,106513,3.0
59,45140,1.0
59,60735,1.0
59,1429,1.0
59,4551,2.0
59,63247,3.0
59,60625,4.0
59,88046,1.0
59,100617,3.0
59,31910,1.0
59,1418,4.0
59,1402,2.0
59,57243,1.0
59,96316,1.0
59,85723,3.0
59,44217,2.0
59,93905,2.0
59,19885,1.0
59,99296,2.0
59,19614,2.0
59,12609,4.0
59,65942,1.0
59,62560,2.0
59,62104,3.0
59,79680,2.0
59,70881,4.0
59,2316,3.0
59,73223,2.0
59,57532,1.0
59,85991,1.0
59,98950,2.0
59,66830,4.0
59,71712,3.0
59,60574,3.0
59,32415,1.0
59,62317,2.0
59,46298,4.0
59,60572,2.0
59,456,4.0
59,46296,4.0
59,1416,4.0
59,99631,1.0
59,85552,3.0
60,105797,1.0
60,75006,4.0
60,76719,3.0
60,71577,2.0
60,71446,3.0
60,85853,3.0
60,73586,2.0
60,48866,4.0
60,10160,1.0
60,85948,1.0
60,37854,3.0
60,106514,1.0
60,65988,2.0
60,71769,3.0
60,88239,3.0
60,96462,4.0
60,70523,3.0
60,72071,4.0
60,987,4.0
60,87017,1.0
60,44856,4.0
60,99778,1.0
60,83125,1.0
60,1668,3.0
60,106513,3.0
60,106925,3.0
60,106282,3.0
60,60735,3.0
60,107304,2.0
60,4551,4.0
60,82856,4.0
60,1433,2.0
60,12971,1.0
60,106149,3.0
60,100617,3.0
60,97617,2.0
60,1402,1.0
60,57243,2.0
60,66732,2.0
60,93905,3.0
60,19885,1.0
60,94038,4.0
60,12609,2.0
60,62560,1.0
60,62104,4.0
60,79680,2.0
60,70881,4.0
60,104068,4.0
60,92588,4.0
60,85991,4.0
60,87826,4.0
60,98950,4.0
60,66830,1.0
60,62273,4.0
60,60574,3.0
60,69050,1.0
60,32415,4.0
60,46298,3.0
60,456,3.0
60,71957,2.0
60,46296,2.0
60,1416,3.0
60,1972,1.0
60,93289,2.0
60,99631,1.0
61,105797,2.0
61,76719,4.0
61,71446,4.0
61,85853,1.0
61,73586,4.0
61,48866,2.0
61,37854,4.0
61,106514,4.0
61,71769,3.0
61,88239,2.0
61,96462,4.0
61,70523,2.0
61,79501,4.0
61,72071,1.0
61,987,3.0
61,87017,2.0
61,1403,1.0
61,76479,1.0
61,44856,2.0
61,1396,2.0
61,102619,4.0
61,83125,1.0
61,85273,1.0
61,1668,3.0
61,106173,3.0
61,106925,4.0
61,106282,4.0
61,45140,4.0
61,1429,3.0
61,107304,4.0
61,4551,2.0
61,82856,3.0
61,12971,4.0
61,97617,3.0
61,1402,2.0
61,96316,3.0
61,66732,1.0
61,85723,3.0
61,44217,3.0
61,1622,2.0
61,94038,1.0
61,65942,4.0
61,62560,2.0
61,79680,1.0
61,104068,3.0
61,92588,4.0
61,2316,3.0
61,73223,4.0
61,87826,1.0
61,46952,2.0
61,98950,2.0
61,71712,3.0
61,60574,4.0
61,69050,3.0
61,106868,1.0
61,71957,4.0
61,72581,4.0
61,46296,3.0
61,1416,3.0
61,93289,2.0
61,99631,1.0
61,85552,3.0
62,75006,1.0
62,76719,3.0
62,71577,4.0
62,80986,2.0
62,85853,4.0
62,73586,1.0
62,10160,4.0
62,106514,2.0
62,65988,3.0
62,71769,4.0
62,96462,3.0
62,70523,4.0
62,79501,1.0
62,72071,3.0
62,45782,2.0
62,987,2.0
62,87017,3.0
62,63174,1.0
62,1403,3.0
62,76479,2.0
62,1396,4.0
62,99778,4.0
62,102619,2.0
62,83125,3.0
62,1668,1.0
62,106173,1.0
62,106513,2.0
62,106925,3.0
62,45140,4.0
62,60735,4.0
62,1429,4.0
62,4551,2.0
62,1433,3.0
62,12971,4.0
62,88046,3.0
62,1402,3.0
62,57243,3.0
62,66732,2.0
62,44217,3.0
62,93905,3.0
62,1622,1.0
62,19885,2.0
62,94038,1.0
62,19614,3.0
62,62104,2.0
62,70881,3.0
62,104068,1.0
62,92588,1.0
62,2316,4.0
62,73223,1.0
62,57532,1.0
62,85991,4.0
62,87826,1.0
62,46952,4.0
62,98950,2.0
62,62273,4.0
62,60574,1.0
62,69050,2.0
62,32415,2.0
62,60572,3.0
62,71957,4.0
62,72581,4.0
62,46296,1.0
62,1416,2.0
62,1972,2.0
62,93289,3.0
62,99631,2.0
63,105797,3.0
63,75006,4.0
63,76719,4.0
63,80986,4.0
63,71446,2.0
63,48866,4.0
63,10160,3.0
63,37854,1.0
63,88239,1.0
63,96462,2.0
63,79501,3.0
63,72071,3.0
63,987,3.0
63,63174,1.0
63,1403,4.0
63,102619,1.0
63,106513,2.0
63,106925,4.0
63,45140,3.0
63,60735,3.0
63,4551,4.0
63,82856,2.0
63,12971,1.0
63,106149,4.0
63,60625,3.0
63,100617,1.0
63,31910,3.0
63,1418,3.0
63,1402,3.0
63,57243,2.0
63,96316,3.0
63,85723,3.0
63,93905,1.0
63,1622,1.0
63,99296,4.0
63,94038,4.0
63,19614,2.0
63,12609,4.0
63,65942,2.0
63,62104,2.0
63,79680,1.0
63,70881,2.0
63,104068,1.0
63,92588,4.0
63,2316,3.0
63,73223,3.0
63,57532,1.0
63,85991,2.0
63,98950,2.0
63,66830,2.0
63,60574,1.0
63,69050,2.0
63,32415,2.0
63,62317,3.0
63,46298,3.0
63,106868,1.0
63,60572,1.0
63,456,1.0
63,72581,3.0
63,46296,3.0
63,1416,2.0
63,93289,3.0
63,99631,2.0
64,105797,4.0
64,75006,3.0
64,71446,1.0
64,85853,4.0
64,73586,2.0
64,48866,2.0
64,10160,1.0
64,85948,2.0
64,37854,1.0
64,106514,4.0
64,88239,2.0
64,96462,3.0
64,70523,3.0
64,79501,1.0
64,72071,3.0
64,45782,2.0
64,63174,2.0
64,76479,4.0
64,44856,1.0
64,1396,3.0
64,99778,2.0
64,85273,3.0
64,1668,4.0
64,106282,1.0
64,1429,3.0
64,107304,1.0
64,4551,2.0
64,63247,2.0
64,12971,2.0
64,106149,2.0
64,60625,3.0
64,88046,3.0
64,100617,3.0
64,1418,1.0
64,66732,3.0
64,85723,1.0
64,44217,2.0
64,93905,1.0
64,1622,3.0
64,19885,3.0
64,99296,3.0
64,94038,3.0
64,19614,2.0
64,62560,4.0
64,62104,3.0
64,79680,1.0
64,70881,2.0
64,104068,1.0
64,92588,4.0
64,2316,3.0
64,57532,3.0
64,85991,4.0
64,87826,1.0
64,46952,1.0
64,66830,3.0
64,62273,2.0
64,60574,3.0
64,69050,2.0
64,46298,4.0
64,456,4.0
64,1972,1.0
64,93289,1.0
64,99631,2.0
64,85552,4.0
65,75006,2.0
65,76719,2.0
65,80986,2.0
65,73586,3.0
65,48866,4.0
65,10160,3.0
65,1399,4.0
65,37854,1.0
65,106514,1.0
65,65988,1.0
65,71769,4.0
65,88239,1.0
65,96462,4.0
65,70523,2.0
65,79501,3.0
65,987,3.0
65,87017,4.0
65,63174,2.0
65,1396,1.0
65,99778,3.0
65,102619,3.0
65,85273,3.0
65,1668,1.0
65,106173,4.0
65,106513,1.0
65,106925,4.0
65,45140,1.0
65,60735,3.0
65,1429,3.0
65,107304,4.0
65,82856,2.0
65,1433,2.0
65,60625,4.0
65,88046,2.0
65,100617,3.0
65,31910,2.0
65,1418,4.0
65,57243,4.0
65,96316,2.0
65,66732,1.0
65,85723,1.0
65,44217,1.0
65,93905,2.0
65,1622,1.0
65,99296,4.0
65,94038,1.0
65,12609,1.0
65,62560,1.0
65,62104,4.0
65,79680,2.0
65,70881,2.0
65,2316,2.0
65,57532,1.0
65,85991,1.0
65,98950,4.0
65,66830,3.0
65,60574,1.0
65,32415,2.0
65,60572,3.0
65,456,2.0
65,71957,3.0
65,46296,4.0
65,1416,1.0
65,93289,2.0
65,99631,4.0
66,75006,1.0
66,76719,1.0
66,80986,3.0
66,85853,3.0
66,73586,4.0
66,48866,4.0
66,1399,2.0
66,37854,4.0
66,65988,3.0
66,71769,3.0
66,96462,2.0
66,70523,1.0
66,79501,3.0
66,72071,3.0
66,87017,1.0
66,63174,4.0
66,1403,2.0
66,44856,2.0
66,102619,4.0
66,83125,2.0
66,1668,4.0
66,106173,3.0
66,106513,3.0
66,106925,4.0
66,45140,4.0
66,60735,4.0
66,1429,4.0
66,107304,2.0
66,4551,3.0
66,63247,3.0
66,1433,3.0
66,12971,2.0
66,106149,4.0
66,88046,2.0
66,31910,1.0
66,1418,4.0
66,1402,2.0
66,57243,3.0
66,44217,1.0
66,93905,3.0
66,1622,3.0
66,19885,4.0
66,94038,2.0
66,19614,4.0
66,12609,2.0
66,62560,2.0
66,62104,3.0
66,104068,3.0
66,92588,3.0
66,2316,2.0
66,73223,3.0
66,85991,3.0
66,87826,1.0
66,46952,1.0
66,98950,4.0
66,66830,1.0
66,62273,3.0
66,71712,1.0
66,60574,2.0
66,69050,2.0
66,32415,4.0
66,62317,2.0
66,46298,3.0
66,106868,3.0
66,60572,3.0
66,456,2.0
66,71957,4.0
66,72581,2.0
66,1972,4.0
66,93289,1.0
66,99631,2.0
67,105797,1.0
67,75006,2.0
67,76719,4.0
67,80986,4.0
67,71446,4.0
67,85853,4.0
67,10160,3.0
67,85948,1.0
67,37854,2.0
67,106514,3.0
67,65988,3.0
67,71769,2.0
67,96462,1.0
67,70523,2.0
67,79501,2.0
67,987,4.0
67,63174,1.0
67,1403,4.0
67,76479,4.0
67,44856,4.0
67,99778,1.0
67,85273,1.0
67,106173,1.0
67,106925,4.0
67,45140,1.0
67,60735,4.0
67,107304,4.0
67,82856,1.0
67,1433,2.0
67,12971,2.0
67,106149,1.0
67,60625,3.0
67,88046,3.0
67,100617,2.0
67,31910,3.0
67,97617,4.0
67,1402,4.0
67,57243,1.0
67,96316,4.0
67,66732,4.0
67,85723,3.0
67,44217,1.0
67,93905,3.0
67,19885,4.0
67,12609,4.0
67,65942,2.0
67,62560,2.0
67,62104,4.0
67,92588,3.0
67,2316,3.0
67,57532,3.0
67,87826,4.0
67,46952,1.0
67,98950,2.0
67,66830,3.0
67,62273,4.0
67,60574,2.0
67,69050,4.0
67,32415,3.0
67,46298,1.0
67,106868,4.0
67,60572,4.0
67,456,3.0
67,72581,1.0
67,1416,4.0
67,1972,1.0
67,93289,3.0
68,105797,3.0
68,75006,4.0
68,76719,3.0
68,80986,1.0
68,71446,2.0
68,10160,4.0
68,1399,2.0
68,85948,4.0
68,106514,1.0
68,88239,2.0
68,96462,2.0
68,70523,4.0
68,79501,3.0
68,72071,4.0
68,45782,3.0
68,87017,1.0
68,63174,3.0
68,1403,4.0
68,76479,4.0
68,1396,2.0
68,99778,2.0
68,102619,3.0
68,83125,1.0
68,85273,3.0
68,1668,4.0
68,106173,2.0
68,106513,2.0
68,106282,1.0
68,45140,2.0
68,1429,3.0
68,107304,3.0
68,82856,3.0
68,63247,4.0
68,1433,4.0
68,12971,1.0
68,106149,1.0
68,60625,3.0
68,88046,2.0
68,31910,1.0
68,1418,4.0
68,97617,3.0
68,1402,2.0
68,57243,4.0
68,96316,3.0
68,66732,1.0
68,85723,2.0
68,93905,3.0
68,19885,2.0
68,99296,1.0
68,94038,2.0
68,12609,2.0
68,62560,2.0
68,62104,1.0
68,92588,3.0
68,2316,2.0
68,73223,2.0
68,57532,4.0
68,85991,2.0
68,87826,4.0
68,98950,4.0
68,71712,2.0
68,69050,2.0
68,62317,2.0
68,106868,1.0
68,60572,2.0
68,456,3.0
68,72581,1.0
68,46296,3.0
68,1416,4.0
68,99631,3.0
69,105797,2.0
69,71577,3.0
69,71446,2.0
69,73586,3.0
69,48866,1.0
69,10160,4.0
69,1399,3.0
69,85948,3.0
69,37854,1.0
69,106514,2.0
69,88239,1.0
69,96462,1.0
69,70523,1.0
69,72071,2.0
69,45782,1.0
69,87017,3.0
69,63174,2.0
69,76479,1.0
69,44856,1.0
69,1396,4.0
69,99778,4.0
69,83125,3.0
69,85273,2.0
69,106173,3.0
69,106513,1.0
69,106925,3.0
69,60735,1.0
69,1429,2.0
69,82856,1.0
69,63247,3.0
69,106149,4.0
69,60625,1.0
69,100617,4.0
69,97617,3.0
69,57243,2.0
69,96316,2.0
69,66732,1.0
69,85723,1.0
69,44217,2.0
69,1622,1.0
69,99296,1.0
69,94038,2.0
69,19614,2.0
69,12609,1.0
69,62560,4.0
69,62104,1.0
69,79680,3.0
69,92588,4.0
69,2316,3.0
69,57532,4.0
69,87826,1.0
69,98950,3.0
69,66830,3.0
69,62273,1.0
69,71712,4.0
69,32415,2.0
69,62317,4.0
69,72581,1.0
69,46296,1.0
69,1972,1.0
69,85552,4.0
70,105797,4.0
70,75006,2.0
70,80986,2.0
70,71446,1.0
70,73586,2.0
70,48866,4.0
70,85948,1.0
70,37854,2.0
70,106514,2.0
70,65988,4.0
70,88239,4.0
70,79501,1.0
70,45782,3.0
70,87017,2.0
70,63174,2.0
70,1403,2.0
70,76479,4.0
70,44856,3.0
70,1396,2.0
70,102619,1.0
70,83125,2.0
70,85273,4.0
70,1668,3.0
70,106173,3.0
70,106513,1.0
70,106925,4.0
70,106282,2.0
70,1429,1.0
70,82856,2.0
70,63247,1.0
70,1433,3.0
70,12971,1.0
70,106149,2.0
70,31910,1.0
70,97617,4.0
70,66732,1.0
70,85723,4.0
70,93905,2.0
70,1622,1.0
70,19885,4.0
70,99296,1.0
70,94038,3.0
70,12609,4.0
70,62560,3.0
70,62104,4.0
70,79680,4.0
70,70881,4.0
70,104068,2.0
70,92588,3.0
70,73223,2.0
70,57532,3.0
70,87826,2.0
70,46952,3.0
70,98950,1.0
70,66830,3.0
70,62273,3.0
70,69050,4.0
70,62317,4.0
70,106868,3.0
70,60572,1.0
70,456,1.0
70,71957,3.0
70,72581,1.0
70,1416,3.0
70,99631,3.0
70,85552,1.0
71,105797,1.0
71,75006,1.0
71,76719,4.0
71,71577,3.0
71,80986,2.0
71,73586,4.0
71,1399,3.0
71,85948,2.0
71,37854,4.0
71,106514,1.0
71,71769,1.0
71,88239,2.0
71,70523,1.0
71,79501,3.0
71,72071,4.0
71,987,1.0
71,87017,2.0
71,76479,1.0
71,1396,2.0
71,99778,1.0
71,85273,2.0
71,1668,2.0
71,106925,4.0
71,106282,4.0
71,45140,3.0
71,60735,4.0
71,107304,2.0
71,82856,2.0
71,106149,3.0
71,60625,1.0
71,88046,4.0
71,100617,2.0
71,31910,4.0
71,97617,2.0
71,1402,4.0
71,66732,3.0
71,85723,4.0
71,44217,4.0
71,93905,1.0
71,19885,1.0
71,99296,2.0
71,19614,4.0
71,65942,2.0
71,62560,4.0
71,62104,1.0
71,79680,3.0
71,70881,3.0
71,104068,4.0
71,92588,2.0
71,73223,2.0
71,85991,4.0
71,87826,3.0
71,46952,4.0
71,62273,3.0
71,71712,2.0
71,60574,2.0
71,69050,3.0
71,32415,1.0
71,46298,3.0
71,60572,2.0
71,456,1.0
71,71957,1.0
71,72581,4.0
71,46296,3.0
71,1972,3.0
71,99631,2.0
72,105797,2.0
72,76719,3.0
72,71577,2.0
72,80986,4.0
72,71446,2.0
72,73586,2.0
72,48866,3.0
72,10160,3.0
72,85948,4.0
72,37854,2.0
72,106514,2.0
72,71769,3.0
72,88239,2.0
72,96462,4.0
72,70523,1.0
72,79501,3.0
72,45782,3.0
72,987,2.0
72,87017,4.0
72,63174,2.0
72,1403,3.0
72,76479,3.0
72,99778,2.0
72,102619,3.0
72,83125,4.0
72,85273,4.0
72,1668,1.0
72,106173,4.0
72,106513,4.0
72,106925,3.0
72,106282,4.0
72,45140,4.0
72,107304,1.0
72,82856,3.0
72,63247,3.0
72,106149,2.0
72,60625,3.0
72,88046,4.0
72,31910,3.0
72,96316,2.0
72,85723,3.0
72,44217,2.0
72,93905,3.0
72,1622,2.0
72,99296,3.0
72,94038,4.0
72,19614,1.0
72,12609,3.0
72,62104,1.0
72,79680,4.0
72,70881,2.0
72,104068,2.0
72,2316,3.0
72,73223,1.0
72,57532,3.0
72,46952,1.0
72,98950,2.0
72,66830,1.0
72,62273,2.0
72,60574,1.0
72,69050,3.0
72,46298,2.0
72,106868,3.0
72,456,1.0
72,71957,2.0
72,72581,1.0
72,46296,4.0
72,93289,1.0
72,99631,2.0
72,85552,2.0
73,105797,1.0
73,76719,2.0
73,71577,4.0
73,71446,3.0
73,85853,2.0
73,73586,2.0
73,1399,4.0
73,85948,3.0
73,106514,3.0
73,88239,2.0
73,96462,3.0
73,70523,1.0
73,79501,1.0
73,72071,4.0
73,987,1.0
73,63174,3.0
73,1403,4.0
73,44856,4.0
73,1396,1.0
73,99778,4.0
73,102619,2.0
73,83125,2.0
73,85273,4.0
73,1668,3.0
73,106173,2.0
73,106513,4.0
73,106925,2.0
73,106282,3.0
73,45140,1.0
73,1429,3.0
73,63247,4.0
73,106149,4.0
73,100617,3.0
73,1418,2.0
73,97617,1.0
73,57243,3.0
73,66732,3.0
73,85723,4.0
73,44217,2.0
73,93905,3.0
73,1622,4.0
73,19885,3.0
73,99296,3.0
73,94038,3.0
73,19614,4.0
73,12609,4.0
73,62104,2.0
73,79680,3.0
73,104068,3.0
73,92588,1.0
73,2316,1.0
73,73223,1.0
73,85991,4.0
73,87826,3.0
73,46952,2.0
73,98950,3.0
73,62273,3.0
73,71712,3.0
73,60574,4.0
73,60572,2.0
73,456,1.0
73,72581,1.0
73,46296,1.0
73,1416,2.0
73,1972,1.0
73,93289,1.0
73,99631,2.0
73,85552,1.0
74,80986,4.0
74,71446,1.0
74,85948,4.0
74,37854,4.0
74,65988,2.0
74,71769,4.0
74,88239,4.0
74,96462,2.0
74,79501,1.0
74,87017,1.0
74,63174,1.0
74,76479,3.0
74,44856,3.0
74,1396,1.0
74,102619,2.0
74,83125,2.0
74,85273,2.0
74,1668,2.0
74,106513,2.0
74,106282,1.0
74,45140,4.0
74,60735,3.0
74,1429,2.0
74,107304,3.0
74,4551,4.0
74,63247,4.0
74,1433,1.0
74,12971,2.0
74,106149,4.0
74,60625,2.0
74,88046,4.0
74,100617,2.0
74,31910,4.0
74,97617,3.0
74,96316,1.0
74,66732,2.0
74,44217,1.0
74,93905,4.0
74,1622,3.0
74,19885,3.0
74,94038,2.0
74,19614,2.0
74,12609,4.0
74,65942,2.0
74,62560,1.0
74,62104,1.0
74,70881,1.0
74,92588,2.0
74,57532,1.0
74,85991,3.0
74,46952,2.0
74,98950,2.0
74,66830,1.0
74,62273,1.0
74,71712,4.0
74,60574,1.0
74,69050,4.0
74,32415,1.0
74,46298,4.0
74,106868,4.0
74,60572,3.0
74,456,3.0
74,71957,2.0
74,1416,2.0
74,1972,4.0
74,93289,1.0
74,99631,3.0
75,105797,3.0
75,75006,1.0
75,76719,3.0
75,71577,2.0
75,71446,2.0
75,85853,2.0
75,48866,3.0
75,10160,4.0
75,1399,3.0
75,37854,1.0
75,106514,4.0
75,88239,4.0
75,70523,3.0
75,72071,1.0
75,45782,2.0
75,987,2.0
75,87017,2.0
75,63174,3.0
75,1396,3.0
75,99778,1.0
75,1668,4.0
75,106513,1.0
75,106282,1.0
75,45140,4.0
75,60735,2.0
75,107304,2.0
75,4551,4.0
75,63247,4.0
75,1433,3.0
75,12971,2.0
75,106149,4.0
75,60625,3.0
75,88046,2.0
75,1418,4.0
75,57243,1.0
75,96316,4.0
75,66732,2.0
75,85723,4.0
75,44217,4.0
75,93905,2.0
75,1622,4.0
75,19885,1.0
75,99296,1.0
75,94038,1.0
75,19614,1.0
75,12609,1.0
75,65942,3.0
75,62560,3.0
75,79680,4.0
75,104068,2.0
75,92588,1.0
75,2316,4.0
75,73223,4.0
75,85991,2.0
75,87826,4.0
75,46952,3.0
75,66830,2.0
75,71712,3.0
75,60574,2.0
75,69050,3.0
75,32415,3.0
75,62317,3.0
75,46298,2.0
75,60572,4.0
75,456,3.0
75,71957,4.0
75,46296,3.0
75,1416,4.0
75,1972,2.0
75,93289,4.0
75,85552,4.0
76,75006,4.0
76,76719,2.0
76,71446,1.0
76,85853,4.0
76,10160,4.0
76,1399,1.0
76,37854,3.0
76,106514,4.0
76,65988,4.0
76,71769,3.0
76,88239,2.0
76,96462,1.0
76,70523,2.0
76,79501,2.0
76,72071,1.0
76,45782,3.0
76,63174,3.0
76,1403,4.0
76,44856,1.0
76,1396,1.0
76,99778,4.0
76,85273,4.0
76,106925,1.0
76,106282,2.0
76,45140,1.0
76,60735,1.0
76,1429,1.0
76,4551,1.0
76,82856,3.0
76,63247,3.0
76,1433,3.0
76,12971,1.0
76,106149,3.0
76,60625,4.0
76,88046,1.0
76,100617,2.0
76,97617,2.0
76,1402,2.0
76,57243,4.0
76,96316,2.0
76,66732,3.0
76,85723,2.0
76,44217,4.0
76,1622,2.0
76,19885,2.0
76,94038,3.0
76,65942,3.0
76,62560,2.0
76,62104,4.0
76,79680,3.0
76,70881,1.0
76,104068,3.0
76,92588,1.0
76,2316,3.0
76,73223,1.0
76,57532,3.0
76,85991,2.0
76,87826,3.0
76,46952,3.0
76,66830,3.0
76,62273,1.0
76,71712,2.0
76,60574,2.0
76,69050,4.0
76,32415,3.0
76,106868,3.0
76,60572,4.0
76,71957,4.0
76,46296,1.0
76,1416,2.0
76,1972,1.0
76,93289,2.0
76,99631,1.0
76,85552,1.0
77,105797,4.0
77,71446,2.0
77,85853,1.0
77,73586,3.0
77,48866,2.0
77,10160,2.0
77,1399,2.0
77,37854,2.0
77,106514,4.0
77,65988,2.0
77,71769,4.0
77,88239,2.0
77,96462,3.0
77,70523,3.0
77,45782,1.0
77,987,2.0
77,63174,2.0
77,1403,1.0
77,76479,1.0
77,1396,2.0
77,102619,4.0
77,83125,4.0
77,1668,2.0
77,106513,4.0
77,106925,3.0
77,106282,4.0
77,45140,4.0
77,60735,1.0
77,107304,4.0
77,82856,1.0
77,63247,4.0
77,12971,2.0
77,106149,4.0
77,60625,3.0
77,88046,1.0
77,100617,4.0
77,57243,1.0
77,44217,1.0
77,93905,3.0
77,1622,1.0
77,99296,4.0
77,94038,4.0
77,12609,2.0
77,62560,2.0
77,62104,1.0
77,79680,1.0
77,92588,2.0
77,2316,2.0
77,73223,4.0
77,87826,3.0
77,46952,3.0
77,66830,4.0
77,62273,1.0
77,69050,3.0
77,46298,3.0
77,106868,4.0
77,456,3.0
77,71957,1.0
77,72581,4.0
77,46296,1.0
77,1416,3.0
77,1972,3.0
77,85552,1.0
78,105797,1.0
78,76719,1.0
78,71446,2.0
78,85853,1.0
78,10160,1.0
78,1399,2.0
78,85948,2.0
78,106514,4.0
78,71769,2.0
78,88239,3.0
78,96462,2.0
78,70523,2.0
78,72071,3.0
78,45782,1.0
78,987,1.0
78,87017,4.0
78,63174,4.0
78,1403,1.0
78,76479,3.0
78,1396,3.0
78,102619,3.0
78,83125,1.0
78,85273,3.0
78,1668,4.0
78,106513,4.0
78,1429,4.0
78,4551,3.0
78,82856,4.0
78,63247,3.0
78,88046,2.0
78,100617,2.0
78,1418,2.0
78,97617,2.0
78,1402,1.0
78,96316,3.0
78,85723,1.0
78,1622,4.0
78,19885,3.0
78,99296,4.0
78,94038,3.0
78,19614,4.0
78,65942,4.0
78,62104,3.0
78,70881,2.0
78,92588,3.0
78,2316,4.0
78,73223,4.0
78,57532,4.0
78,85991,3.0
78,87826,1.0
78,46952,2.0
78,98950,2.0
78,62273,1.0
78,62317,2.0
78,46298,3.0
78,60572,1.0
78,71957,2.0
78,72581,2.0
78,46296,4.0
78,1416,2.0
78,1972,4.0
78,93289,3.0
78,99631,3.0
78,85552,2.0
79,76719,2.0
79,71577,3.0
79,80986,1.0
79,71446,1.0
79,85853,1.0
79,73586,2.0
79,48866,4.0
79,10160,1.0
79,106514,1.0
79,71769,1.0
79,96462,3.0
79,70523,4.0
79,79501,1.0
79,72071,1.0
79,45782,3.0
79,987,2.0
79,87017,1.0
79,1403,3.0
79,76479,1.0
79,99778,3.0
79,102619,1.0
79,83125,4.0
79,85273,3.0
79,106173,1.0
79,106513,2.0
79,106925,2.0
79,106282,2.0
79,45140,2.0
79,60735,3.0
79,4551,2.0
79,82856,1.0
79,63247,1.0
79,1433,2.0
79,106149,3.0
79,60625,4.0
79,88046,2.0
79,31910,4.0
79,1418,2.0
79,97617,4.0
79,1402,4.0
79,66732,1.0
79,44217,2.0
79,1622,4.0
79,99296,1.0
79,94038,1.0
79,19614,1.0
79,62104,2.0
79,79680,3.0
79,70881,3.0
79,104068,1.0
79,2316,2.0
79,73223,1.0
79,87826,4.0
79,46952,4.0
79,98950,2.0
79,66830,4.0
79,62273,2.0
79,71712,1.0
79,60574,2.0
79,69050,1.0
79,32415,1.0
79,62317,3.0
79,46298,4.0
79,106868,3.0
79,60572,1.0
79,456,4.0
79,71957,3.0
79,72581,2.0
79,46296,2.0
79,1416,2.0
79,1972,4.0
79,93289,1.0
79,99631,4.0
79,85552,1.0
80,105797,1.0
80,75006,1.0
80,76719,3.0
80,71577,2.0
80,80986,1.0
80,71446,2.0
80,85853,2.0
80,48866,4.0
80,10160,1.0
80,85948,1.0
80,106514,2.0
80,65988,3.0
80,88239,1.0
80,96462,3.0
80,70523,4.0
80,79501,2.0
80,72071,2.0
80,987,2.0
80,87017,2.0
80,63174,1.0
80,1403,4.0
80,44856,1.0
80,83125,3.0
80,85273,4.0
80,1668,1.0
80,106173,4.0
80,106282,2.0
80,45140,4.0
80,60735,3.0
80,1429,2.0
80,63247,4.0
80,1433,3.0
80,106149,1.0
80,100617,3.0
80,31910,1.0
80,1418,4.0
80,97617,2.0
80,1402,1.0
80,96316,3.0
80,85723,2.0
80,44217,3.0
80,93905,4.0
80,19885,2.0
80,99296,3.0
80,94038,2.0
80,19614,3.0
80,12609,1.0
80,65942,3.0
80,62560,1.0
80,79680,1.0
80,104068,1.0
80,92588,3.0
80,57532,2.0
80,85991,2.0
80,87826,3.0
80,66830,2.0
80,62273,2.0
80,71712,1.0
80,60574,2.0
80,69050,4.0
80,32415,1.0
80,62317,4.0
80,46298,1.0
80,106868,4.0
80,456,3.0
80,71957,4.0
80,46296,2.0
80,1416,1.0
80,1972,3.0
80,93289,1.0
80,99631,3.0
81,105797,1.0
81,75006,1.0
81,76719,4.0
81,71577,4.0
81,80986,2.0
81,85853,2.0
81,10160,2.0
81,1399,1.0
81,37854,3.0
81,65988,4.0
81,96462,4.0
81,70523,3.0
81,79501,1.0
81,72071,1.0
81,45782,1.0
81,1403,2.0
81,1396,2.0
81,99778,2.0
81,102619,1.0
81,85273,2.0
81,1668,3.0
81,106513,4.0
81,106925,1.0
81,106282,4.0
81,1429,3.0
81,107304,1.0
81,4551,1.0
81,82856,1.0
81,1433,1.0
81,12971,1.0
81,106149,2.0
81,60625,2.0
81,100617,2.0
81,31910,2.0
81,66732,3.0
81,85723,4.0
81,44217,1.0
81,93905,4.0
81,19614,2.0
81,12609,1.0
81,65942,3.0
81,62560,1.0
81,62104,2.0
81,79680,4.0
81,92588,1.0
81,2316,3.0
81,73223,1.0
81,57532,3.0
81,85991,4.0
81,87826,1.0
81,46952,4.0
81,98950,1.0
81,62273,4.0
81,71712,4.0
81,60574,2.0
81,69050,3.0
81,32415,2.0
81,106868,2.0
81,456,3.0
81,71957,3.0
81,72581,3.0
81,1972,3.0
81,93289,3.0
81,99631,1.0
81,85552,4.0
82,75006,3.0
82,76719,1.0
82,71577,4.0
82,80986,2.0
82,71446,4.0
82,85853,3.0
82,48866,2.0
82,85948,4.0
82,65988,3.0
82,88239,2.0
82,70523,3.0
82,79501,4.0
82,72071,1.0
82,45782,4.0
82,987,3.0
82,63174,1.0
82,1403,2.0
82,76479,1.0
82,44856,3.0
82,1396,2.0
82,99778,1.0
82,102619,1.0
82,85273,3.0
82,106513,1.0
82,106925,3.0
82,106282,1.0
82,60735,2.0
82,1429,4.0
82,107304,4.0
82,4551,2.0
82,82856,1.0
82,12971,4.0
82,106149,1.0
82,60625,4.0
82,100617,2.0
82,1418,2.0
82,97617,4.0
82,1402,1.0
82,57243,1.0
82,85723,2.0
82,44217,2.0
82,93905,3.0
82,99296,2.0
82,94038,3.0
82,12609,2.0
82,65942,4.0
82,62560,1.0
82,62104,1.0
82,79680,2.0
82,70881,3.0
82,104068,1.0
82,92588,4.0
82,2316,4.0
82,73223,4.0
82,87826,2.0
82,46952,1.0
82,98950,4.0
82,66830,4.0
82,60574,3.0
82,32415,2.0
82,62317,4.0
82,46298,3.0
82,106868,2.0
82,60572,1.0
82,456,1.0
82,71957,2.0
82,46296,2.0
82,1416,4.0
82,1972,4.0
82,93289,3.0
82,85552,2.0
83,75006,3.0
83,76719,2.0
83,71577,1.0
83,71446,4.0
83,85853,4.0
83,48866,1.0
83,10160,4.0
83,1399,2.0
83,65988,4.0
83,71769,3.0
83,96462,1.0
83,45782,2.0
83,987,4.0
83,87017,4.0
83,63174,4.0
83,1403,2.0
83,76479,1.0
83,44856,2.0
83,99778,4.0
83,1668,4.0
83,106173,1.0
83,106513,1.0
83,45140,4.0
83,1429,3.0
83,82856,2.0
83,63247,2.0
83,1433,4.0
83,12971,3.0
83,106149,3.0
83,60625,3.0
83,88046,3.0
83,100617,2.0
83,1418,3.0
83,97617,4.0
83,1402,4.0
83,57243,3.0
83,96316,3.0
83,66732,3.0
83,85723,2.0
83,44217,1.0
83,1622,1.0
83,19885,1.0
83,99296,4.0
83,94038,2.0
83,19614,3.0
83,12609,4.0
83,65942,1.0
83,62560,3.0
83,79680,4.0
83,104068,2.0
83,92588,3.0
83,73223,2.0
83,85991,3.0
83,46952,1.0
83,98950,2.0
83,62273,1.0
83,60574,2.0
83,106868,1.0
83,60572,1.0
83,71957,3.0
83,72581,2.0
83,46296,4.0
83,1416,2.0
83,1972,1.0
83,99631,4.0
83,85552,4.0
84,105797,4.0
84,75006,3.0
84,76719,3.0
84,71577,1.0
84,73586,1.0
84,10160,2.0
84,37854,2.0
84,106514,1.0
84,65988,3.0
84,71769,2.0
84,88239,4.0
84,79501,4.0
84,45782,4.0
84,987,2.0
84,63174,3.0
84,76479,3.0
84,44856,2.0
84,1396,3.0
84,99778,2.0
84,102619,3.0
84,83125,3.0
84,85273,1.0
84,1668,1.0
84,106173,2.0
84,106513,2.0
84,106925,2.0
84,106282,3.0
84,60735,4.0
84,1429,3.0
84,4551,4.0
84,82856,3.0
84,63247,3.0
84,12971,1.0
84,106149,3.0
84,88046,3.0
84,100617,1.0
84,1418,1.0
84,97617,1.0
84,96316,1.0
84,66732,2.0
84,99296,1.0
84,94038,3.0
84,19614,2.0
84,65942,2.0
84,62104,3.0
84,79680,3.0
84,104068,1.0
84,2316,4.0
84,57532,2.0
84,87826,1.0
84,60574,4.0
84,69050,3.0
84,32415,3.0
84,46298,1.0
84,106868,2.0
84,60572,3.0
84,456,4.0
84,1416,2.0
84,1972,3.0
84,93289,3.0
84,85552,1.0
85,105797,2.0
85,75006,1.0
85,71577,2.0
85,80986,1.0
85,71446,2.0
85,73586,4.0
85,48866,1.0
85,10160,3.0
85,85948,4.0
85,37854,4.0
85,88239,2.0
85,96462,4.0
85,70523,3.0
85,79501,3.0
85,987,1.0
85,87017,3.0
85,1403,1.0
85,44856,2.0
85,99778,4.0
85,83125,2.0
85,1668,4.0
85,106173,1.0
85,106282,1.0
85,45140,2.0
85,1429,3.0
85,107304,1.0
85,82856,2.0
85,63247,1.0
85,1433,2.0
85,12971,3.0
85,106149,1.0
85,60625,2.0
85,88046,1.0
85,100617,3.0
85,1418,1.0
85,97617,1.0
85,96316,4.0
85,66732,2.0
85,44217,2.0
85,93905,1.0
85,19885,1.0
85,99296,2.0
85,94038,3.0
85,19614,1.0
85,65942,4.0
85,62560,3.0
85,62104,3.0
85,70881,2.0
85,104068,2.0
85,2316,4.0
85,85991,3.0
85,87826,1.0
85,98950,1.0
85,66830,2.0
85,71712,3.0
85,60574,4.0
85,69050,2.0
85,62317,2.0
85,46298,1.0
85,60572,2.0
85,456,1.0
85,72581,2.0
85,46296,4.0
85,1416,4.0
85,1972,2.0
85,93289,2.0
85,99631,4.0
85,85552,4.0
86,75006,3.0
86,71577,1.0
86,80986,4.0
86,71446,3.0
86,85853,3.0
86,73586,1.0
86,48866,4.0
86,10160,1.0
86,37854,1.0
86,106514,2.0
86,65988,2.0
86,71769,1.0
86,88239,4.0
86,70523,1.0
86,72071,2.0
86,987,2.0
86,63174,2.0
86,76479,2.0
86,1396,2.0
86,99778,1.0
86,102619,4.0
86,83125,4.0
86,85273,3.0
86,1668,4.0
86,106513,4.0
86,106925,4.0
86,106282,4.0
86,60735,4.0
86,1429,2.0
86,107304,2.0
86,63247,3.0
86,1433,2.0
86,12971,2.0
86,106149,2.0
86,88046,4.0
86,31910,1.0
86,66732,3.0
86,85723,3.0
86,44217,2.0
86,93905,1.0
86,19885,1.0
86,99296,2.0
86,94038,1.0
86,19614,3.0
86,12609,1.0
86,65942,1.0
86,79680,2.0
86,70881,3.0
86,104068,4.0
86,92588,3.0
86,2316,2.0
86,73223,1.0
86,85991,1.0
86,87826,3.0
86,46952,4.0
86,98950,4.0
86,66830,2.0
86,62273,3.0
86,32415,2.0
86,62317,3.0
86,46298,4.0
86,106868,2.0
86,60572,2.0
86,1416,2.0
86,1972,3.0
86,93289,3.0
86,99631,1.0
86,85552,3.0
87,105797,1.0
87,75006,2.0
87,76719,1.0
87,71577,2.0
87,71446,1.0
87,73586,3.0
87,48866,1.0
87,1399,3.0
87,65988,3.0
87,96462,4.0
87,79501,3.0
87,45782,2.0
87,987,3.0
87,87017,3.0
87,63174,1.0
87,1403,3.0
87,76479,3.0
87,44856,4.0
87,99778,3.0
87,83125,3.0
87,106513,4.0
87,106282,3.0
87,60735,2.0
87,63247,3.0
87,1433,4.0
87,12971,3.0
87,106149,4.0
87,88046,1.0
87,100617,1.0
87,1418,1.0
87,97617,3.0
87,96316,3.0
87,44217,1.0
87,1622,1.0
87,99296,4.0
87,94038,1.0
87,19614,4.0
87,12609,1.0
87,62560,1.0
87,62104,1.0
87,70881,4.0
87,92588,2.0
87,2316,4.0
87,73223,3.0
87,57532,4.0
87,85991,4.0
87,60574,3.0
87,32415,4.0
87,62317,1.0
87,106868,4.0
87,60572,3.0
87,456,4.0
87,72581,2.0
87,46296,1.0
87,1972,1.0
87,93289,4.0
87,99631,1.0
88,105797,3.0
88,75006,2.0
88,76719,4.0
88,71446,1.0
88,73586,4.0
88,48866,1.0
88,37854,2.0
88,106514,4.0
88,65988,2.0
88,88239,2.0
88,96462,3.0
88,70523,1.0
88,72071,4.0
88,987,2.0
88,1403,1.0
88,76479,1.0
88,44856,3.0
88,1396,1.0
88,83125,2.0
88,85273,3.0
88,106173,2.0
88,106513,2.0
88,45140,1.0
88,60735,2.0
88,107304,1.0
88,63247,2.0
88,12971,3.0
88,106149,2.0
88,60625,4.0
88,88046,2.0
88,100617,2.0
88,31910,3.0
88,1418,4.0
88,97617,2.0
88,1402,1.0
88,57243,4.0
88,66732,4.0
88,85723,2.0
88,93905,4.0
88,1622,2.0
88,19885,2.0
88,99296,3.0
88,94038,3.0
88,19614,3.0
88,12609,2.0
88,65942,1.0
88,62560,1.0
88,62104,1.0
88,79680,1.0
88,70881,2.0
88,2316,2.0
88,73223,2.0
88,87826,3.0
88,46952,4.0
88,98950,4.0
88,62273,4.0
88,60574,1.0
88,69050,1.0
88,32415,2.0
88,62317,3.0
88,46298,4.0
88,106868,4.0
88,60572,1.0
88,71957,2.0
88,1416,4.0
88,1972,2.0
88,93289,4.0
88,99631,2.0
89,76719,4.0
89,71577,4.0
89,71446,4.0
89,85853,3.0
89,10160,1.0
89,85948,1.0
89,65988,2.0
89,71769,2.0
89,70523,2.0
89,79501,1.0
89,72071,1.0
89,987,1.0
89,87017,3.0
89,63174,3.0
89,1403,4.0
89,76479,3.0
89,44856,4.0
89,99778,3.0
89,83125,4.0
89,85273,2.0
89,1668,2.0
89,106173,2.0
89,106513,2.0
89,106282,2.0
89,60735,4.0
89,1429,2.0
89,107304,4.0
89,82856,2.0
89,63247,2.0
89,12971,4.0
89,106149,2.0
89,60625,2.0
89,88046,4.0
89,31910,2.0
89,1418,4.0
89,57243,3.0
89,96316,4.0
89,44217,4.0
89,93905,3.0
89,19885,2.0
89,99296,3.0
89,94038,4.0
89,12609,3.0
89,65942,4.0
89,62560,2.0
89,79680,4.0
89,70881,2.0
89,2316,1.0
89,73223,3.0
89,98950,2.0
89,62273,1.0
89,71712,1.0
89,60574,3.0
89,32415,3.0
89,62317,1.0
89,46298,4.0
89,106868,3.0
89,456,1.0
89,72581,1.0
89,46296,4.0
89,1972,1.0
89,93289,4.0
89,99631,1.0
90,75006,4.0
90,71577,1.0
90,80986,3.0
90,71446,1.0
90,85853,4.0
90,73586,3.0
90,48866,3.0
90,10160,4.0
90,1399,2.0
90,85948,4.0
90,106514,4.0
90,65988,1.0
90,71769,1.0
90,88239,3.0
90,96462,3.0
90,70523,1.0
90,45782,4.0
90,987,1.0
90,87017,2.0
90,1403,4.0
90,76479,2.0
90,44856,4.0
90,83125,3.0
90,85273,4.0
90,106173,2.0
90,60735,3.0
90,1429,4.0
90,63247,4.0
90,12971,4.0
90,106149,2.0
90,60625,2.0
90,88046,4.0
90,100617,3.0
90,1418,4.0
90,97617,3.0
90,57243,2.0
90,96316,2.0
90,66732,4.0
90,85723,1.0
90,93905,3.0
90,1622,1.0
90,19885,4.0
90,99296,3.0
90,94038,4.0
90,19614,3.0
90,12609,3.0
90,62560,1.0
90,62104,1.0
90,79680,1.0
90,70881,1.0
90,104068,1.0
90,2316,1.0
90,73223,4.0
90,57532,3.0
90,87826,4.0
90,98950,3.0
90,62273,2.0
90,71712,2.0
90,60574,2.0
90,69050,1.0
90,46298,2.0
90,106868,3.0
90,60572,3.0
90,456,3.0
90,71957,1.0
90,1416,3.0
90,1972,3.0
90,93289,3.0
90,99631,1.0
91,75006,1.0
91,76719,1.0
91,71577,1.0
91,85853,2.0
91,73586,4.0
91,48866,2.0
91,1399,4.0
91,37854,3.0
91,71769,3.0
91,88239,3.0
91,96462,3.0
91,79501,4.0
91,72071,3.0
91,45782,4.0
91,987,3.0
91,87017,1.0
91,63174,4.0
91,1403,3.0
91,76479,2.0
91,44856,2.0
91,1396,1.0
91,99778,1.0
91,83125,1.0
91,85273,2.0
91,1668,4.0
91,106173,4.0
91,106513,4.0
91,106925,2.0
91,106282,2.0
91,45140,4.0
91,60735,3.0
91,1429,3.0
91,107304,1.0
91,4551,1.0
91,63247,1.0
91,1433,1.0
91,106149,4.0
91,88046,1.0
91,31910,1.0
91,1418,1.0
91,97617,4.0
91,1402,2.0
91,57243,3.0
91,66732,1.0
91,44217,1.0
91,1622,2.0
91,99296,1.0
91,94038,2.0
91,19614,4.0
91,65942,1.0
91,62560,3.0
91,70881,4.0
91,104068,4.0
91,92588,1.0
91,57532,2.0
91,46952,1.0
91,66830,3.0
91,62273,1.0
91,71712,1.0
91,69050,2.0
91,32415,1.0
91,62317,2.0
91,60572,1.0
91,456,1.0
91,71957,3.0
91,46296,2.0
91,1416,2.0
91,1972,3.0
92,105797,2.0
92,75006,2.0
92,71577,2.0
92,80986,1.0
92,73586,1.0
92,10160,4.0
92,1399,3.0
92,85948,4.0
92,37854,2.0
92,106514,2.0
92,65988,4.0
92,71769,1.0
92,88239,3.0
92,96462,1.0
92,70523,1.0
92,72071,4.0
92,987,2.0
92,87017,2.0
92,63174,3.0
92,1403,3.0
92,76479,4.0
92,44856,4.0
92,1396,3.0
92,99778,2.0
92,102619,3.0
92,106513,2.0
92,106925,4.0
92,106282,4.0
92,45140,2.0
92,1429,3.0
92,4551,1.0
92,82856,4.0
92,1433,3.0
92,12971,4.0
92,60625,1.0
92,88046,4.0
92,100617,1.0
92,31910,2.0
92,1402,1.0
92,85723,4.0
92,44217,1.0
92,1622,1.0
92,99296,3.0
92,94038,4.0
92,19614,2.0
92,12609,4.0
92,65942,1.0
92,70881,4.0
92,104068,2.0
92,2316,2.0
92,73223,1.0
92,57532,3.0
92,98950,2.0
92,66830,4.0
92,62273,1.0
92,60574,3.0
92,69050,2.0
92,62317,1.0
92,46298,4.0
92,106868,3.0
92,60572,4.0
92,456,3.0
92,71957,2.0
92,1972,2.0
92,93289,4.0
93,75006,2.0
93,71577,3.0
93,80986,4.0
93,71446,4.0
93,85853,1.0
93,73586,3.0
93,48866,4.0
93,1399,2.0
93,65988,3.0
93,71769,3.0
93,88239,1.0
93,96462,1.0
93,79501,3.0
93,87017,4.0
93,63174,2.0
93,1403,1.0
93,76479,3.0
93,44856,2.0
93,1396,2.0
93,99778,4.0
93,102619,1.0
93,83125,2.0
93,85273,1.0
93,1668,2.0
93,106173,2.0
93,106513,1.0
93,106282,3.0
93,45140,4.0
93,60735,2.0
93,4551,1.0
93,82856,3.0
93,63247,4.0
93,1433,4.0
93,12971,3.0
93,106149,4.0
93,60625,4.0
93,88046,2.0
93,31910,1.0
93,1418,4.0
93,57243,3.0
93,96316,1.0
93,85723,4.0
93,93905,2.0
93,1622,4.0
93,99296,3.0
93,94038,1.0
93,19614,3.0
93,12609,2.0
93,65942,1.0
93,79680,3.0
93,70881,3.0
93,104068,3.0
93,92588,1.0
93,2316,2.0
93,73223,4.0
93,57532,2.0
93,98950,1.0
93,66830,2.0
93,62273,4.0
93,69050,2.0
93,32415,1.0
93,62317,2.0
93,106868,3.0
93,60572,1.0
93,72581,4.0
93,46296,2.0
93,1416,2.0
93,1972,2.0
93,93289,4.0
93,99631,2.0
94,105797,1.0
94,75006,4.0
94,76719,1.0
94,71577,3.0
94,80986,2.0
94,71446,1.0
94,85853,1.0
94,73586,1.0
94,48866,3.0
94,1399,3.0
94,85948,3.0
94,71769,2.0
94,96462,2.0
94,70523,1.0
94,79501,1.0
94,72071,3.0
94,45782,2.0
94,987,2.0
94,87017,4.0
94,63174,4.0
94,1403,2.0
94,76479,4.0
94,1396,2.0
94,99778,1.0
94,83125,1.0
94,1668,4.0
94,106173,1.0
94,106925,3.0
94,1429,3.0
94,107304,3.0
94,4551,2.0
94,1433,3.0
94,12971,2.0
94,97617,1.0
94,1402,1.0
94,57243,1.0
94,96316,2.0
94,66732,3.0
94,85723,4.0
94,44217,4.0
94,93905,2.0
94,19885,3.0
94,99296,1.0
94,94038,3.0
94,19614,1.0
94,65942,2.0
94,62560,2.0
94,62104,3.0
94,79680,2.0
94,70881,2.0
94,104068,3.0
94,92588,2.0
94,2316,3.0
94,73223,3.0
94,57532,2.0
94,87826,2.0
94,98950,4.0
94,66830,4.0
94,62273,3.0
94,46298,4.0
94,106868,1.0
94,60572,1.0
94,456,2.0
94,72581,4.0
94,1972,1.0
95,105797,2.0
95,76719,3.0
95,80986,1.0
95,71446,3.0
95,10160,4.0
95,85948,4.0
95,88239,1.0
95,70523,4.0
95,79501,4.0
95,72071,4.0
95,45782,3.0
95,987,4.0
95,87017,3.0
95,63174,1.0
95,1403,1.0
95,44856,4.0
95,99778,3.0
95,85273,4.0
95,1668,2.0
95,106173,2.0
95,106513,4.0
95,106925,2.0
95,106282,1.0
95,1429,3.0
95,107304,3.0
95,82856,2.0
95,63247,2.0
95,12971,3.0
95,106149,2.0
95,100617,2.0
95,31910,2.0
95,1418,3.0
95,97617,2.0
95,57243,2.0
95,93905,2.0
95,19614,4.0
95,12609,4.0
95,65942,4.0
95,79680,2.0
95,70881,4.0
95,104068,4.0
95,92588,3.0
95,2316,4.0
95,73223,1.0
95,85991,1.0
95,87826,4.0
95,98950,4.0
95,66830,1.0
95,62273,3.0
95,60574,3.0
95,69050,1.0
95,32415,2.0
95,62317,1.0
95,46298,1.0
95,106868,2.0
95,72581,1.0
95,46296,2.0
95,1972,3.0
95,93289,4.0
95,99631,4.0
95,85552,3.0
96,105797,1.0
96,75006,2.0
96,76719,4.0
96,71577,4.0
96,80986,4.0
96,85853,3.0
96,73586,1.0
96,1399,4.0
96,85948,3.0
96,37854,1.0
96,71769,2.0
96,70523,4.0
96,79501,2.0
96,45782,1.0
96,987,1.0
96,76479,1.0
96,44856,4.0
96,1396,2.0
96,99778,1.0
96,83125,3.0
96,85273,4.0
96,1668,4.0
96,106173,1.0
96,106513,2.0
96,45140,3.0
96,60735,4.0
96,1429,3.0
96,107304,4.0
96,4551,2.0
96,82856,4.0
96,63247,4.0
96,1433,1.0
96,12971,2.0
96,31910,1.0
96,1418,1.0
96,96316,2.0
96,44217,2.0
96,93905,1.0
96,19885,2.0
96,99296,3.0
96,65942,2.0
96,62104,4.0
96,79680,2.0
96,104068,2.0
96,92588,3.0
96,2316,3.0
96,57532,1.0
96,85991,1.0
96,87826,2.0
96,98950,3.0
96,66830,3.0
96,71712,1.0
96,60574,4.0
96,69050,1.0
96,32415,1.0
96,62317,1.0
96,46298,4.0
96,60572,3.0
96,456,2.0
96,71957,1.0
96,72581,4.0
96,1416,1.0
97,105797,2.0
97,75006,4.0
97,71577,2.0
97,71446,4.0
97,73586,3.0
97,10160,2.0
97,85948,1.0
97,37854,3.0
97,106514,3.0
97,65988,4.0
97,88239,2.0
97,70523,4.0
97,987,3.0
97,63174,1.0
97,1403,4.0
97,44856,3.0
97,1396,2.0
97,99778,1.0
97,102619,2.0
97,83125,2.0
97,85273,2.0
97,1668,2.0
97,106173,2.0
97,106513,3.0
97,106925,2.0
97,106282,4.0
97,45140,4.0
97,60735,2.0
97,1429,2.0
97,107304,3.0
97,4551,1.0
97,82856,1.0
97,63247,4.0
97,1433,1.0
97,106149,2.0
97,100617,3.0
97,1418,3.0
97,1402,1.0
97,57243,4.0
97,96316,1.0
97,66732,3.0
97,85723,2.0
97,1622,3.0
97,99296,4.0
97,94038,3.0
97,19614,2.0
97,12609,2.0
97,65942,2.0
97,62104,3.0
97,79680,3.0
97,104068,2.0
97,92588,3.0
97,2316,2.0
97,73223,4.0
97,57532,2.0
97,85991,2.0
97,87826,4.0
97,46952,3.0
97,66830,2.0
97,62273,1.0
97,71712,4.0
97,60574,4.0
97,32415,3.0
97,62317,2.0
97,46298,3.0
97,106868,4.0
97,456,3.0
97,71957,3.0
97,72581,3.0
97,46296,3.0
97,1972,4.0
97,99631,1.0
97,85552,1.0
98,105797,4.0
98,75006,1.0
98,71577,2.0
98,80986,3.0
98,71446,1.0
98,73586,4.0
98,48866,2.0
98,10160,4.0
98,106514,1.0
98,71769,3.0
98,88239,2.0
98,96462,1.0
98,72071,3.0
98,45782,3.0
98,987,2.0
98,87017,2.0
98,63174,2.0
98,1403,1.0
98,44856,4.0
98,1396,2.0
98,83125,3.0
98,106173,2.0
98,106513,3.0
98,106925,1.0
98,60735,3.0
98,1429,2.0
98,107304,4.0
98,4551,3.0
98,82856,3.0
98,63247,3.0
98,1433,2.0
98,106149,4.0
98,88046,3.0
98,31910,2.0
98,1418,4.0
98,97617,4.0
98,1402,4.0
98,57243,2.0
98,96316,2.0
98,85723,1.0
98,44217,4.0
98,93905,1.0
98,19885,2.0
98,99296,1.0
98,94038,3.0
98,12609,2.0
98,65942,1.0
98,62560,2.0
98,62104,4.0
98,79680,3.0
98,104068,2.0
98,73223,2.0
98,57532,4.0
98,85991,4.0
98,87826,1.0
98,46952,3.0
98,98950,3.0
98,62273,3.0
98,60574,4.0
98,32415,4.0
98,456,3.0
98,71957,4.0
98,72581,1.0
98,46296,2.0
98,1416,2.0
98,99631,1.0
99,105797,4.0
99,75006,3.0
99,76719,3.0
99,71577,3.0
99,80986,1.0
99,85853,3.0
99,73586,1.0
99,48866,4.0
99,10160,3.0
99,85948,1.0
99,37854,4.0
99,65988,4.0
99,71769,2.0
99,96462,3.0
99,70523,3.0
99,87017,2.0
99,63174,1.0
99,76479,4.0
99,44856,4.0
99,1396,3.0
99,99778,2.0
99,102619,4.0
99,83125,3.0
99,85273,1.0
99,1668,1.0
99,106925,2.0
99,45140,1.0
99,60735,3.0
99,1429,3.0
99,107304,3.0
99,4551,2.0
99,63247,3.0
99,1433,4.0
99,106149,4.0
99,60625,3.0
99,88046,3.0
99,100617,3.0
99,31910,4.0
99,1418,3.0
99,97617,2.0
99,57243,1.0
99,96316,2.0
99,66732,4.0
99,85723,1.0
99,44217,1.0
99,93905,3.0
99,1622,4.0
99,99296,1.0
99,94038,3.0
99,12609,3.0
99,65942,4.0
99,62560,2.0
99,62104,1.0
99,70881,1.0
99,104068,4.0
99,92588,3.0
99,2316,1.0
99,73223,4.0
99,57532,1.0
99,85991,4.0
99,46952,1.0
99,98950,2.0
99,66830,3.0
99,62273,1.0
99,71712,1.0
99,60574,2.0
99,69050,2.0
99,32415,1.0
99,46298,2.0
99,60572,2.0
99,456,2.0
99,71957,3.0
99,72581,2.0
99,1416,1.0
99,1972,4.0
99,99631,4.0
100,71446,3.0
100,85853,4.0
100,48866,4.0
100,10160,1.0
100,1399,4.0
100,37854,1.0
100,106514,4.0
100,65988,4.0
100,71769,3.0
100,88239,2.0
100,96462,1.0
100,79501,1.0
100,72071,1.0
100,45782,4.0
100,987,2.0
100,87017,2.0
100,44856,1.0
100,1396,3.0
100,99778,1.0
100,102619,4.0
100,83125,2.0
100,106513,1.0
100,106925,3.0
100,107304,2.0
100,4551,3.0
100,82856,1.0
100,1433,1.0
100,12971,3.0
100,106149,1.0
100,60625,4.0
100,88046,2.0
100,100617,2.0
100,31910,2.0
100,1418,3.0
100,97617,4.0
100,1402,3.0
100,57243,3.0
100,66732,3.0
100,44217,2.0
100,1622,3.0
100,19885,1.0
100,99296,4.0
100,94038,2.0
100,19614,2.0
100,12609,3.0
100,65942,3.0
100,62560,2.0
100,62104,1.0
100,79680,1.0
100,104068,3.0
100,92588,1.0
100,2316,1.0
100,73223,2.0
100,85991,3.0
100,46952,1.0
100,66830,4.0
100,62273,3.0
100,62317,4.0
100,60572,3.0
100,71957,2.0
100,46296,3.0
100,1416,2.0
100,1972,3.0
100,93289,2.0
